"統計名：","令和７年国勢調査 速報集計 人口速報集計　（男女別人口及び世帯総数）"
"表番号：","1-2"
"表題：","2020年（令和２年）の人口（組替）、世帯数、2020年（令和２年）の世帯数（組替）、5年間の人口増減数、5年間の人口増減率、5年間の世帯増減数、5年間の世帯増減率、人口性比、面積（参考）及び人口密度－全国、都道府県、市区町村"
"実施年月：","2025年","10月"
"市区町村時点（年月日）：","-"

"***","当該数値がないもの"
"-","当該数値がないもの"

"","","","","","","/表章事項 コード","2025_03","2025_13","2025_15","2025_34","2025_35","2025_36","2025_37","2025_46","2025_47","2025_48"
"","","","","","","/表章事項 補助コード","-","-","-","-","-","-","-","-","-","-"
"時間軸（年次） コード","時間軸（年次） 補助コード","時間軸（年次）","全国、都道府県、市区町村 コード","全国、都道府県、市区町村 補助コード","全国、都道府県、市区町村","/表章事項","2020年（令和2年）の人口（組替）【人】","世帯数【世帯】","2020年（令和2年）の世帯数（組替）【世帯】","5年間の人口増減数【人】","5年間の人口増減率【％】","5年間の世帯増減数【世帯】","5年間の世帯増減率【％】","人口性比","面積（参考）【km2】","人口密度【1km2当たり】"
"2025000000","","2025年","00000","","全国","","126,146,099","57,124,507","55,830,154","-3,096,575","-2.45475","1,294,353","2.31838","94.48106","377,979.67","329.9"
"2025000000","","2025年","01000","","北海道","","5,224,614","2,465,414","2,476,846","-239,195","-4.57823","-11,432","-0.46155","89.57479","83,422.27","63.6"
"2025000000","","2025年","01100","","札幌市","","1,973,395","995,616","969,161","-9,361","-0.47436","26,455","2.72968","87.19937","1,121.26","1,751.6"
"2025000000","","2025年","01101","","札幌市中央区","","248,680","149,983","141,429","7,202","2.89609","8,554","6.04826","83.70450","46.42","5,512.3"
"2025000000","","2025年","01102","","札幌市北区","","289,323","142,711","139,675","-3,525","-1.21836","3,036","2.17362","90.01137","63.57","4,495.8"
"2025000000","","2025年","01103","","札幌市東区","","265,379","130,926","131,188","-4,130","-1.55626","-262","-0.19971","90.68992","56.97","4,585.7"
"2025000000","","2025年","01104","","札幌市白石区","","211,835","111,528","108,233","-1,082","-0.51077","3,295","3.04436","89.57040","34.47","6,114.1"
"2025000000","","2025年","01105","","札幌市豊平区","","225,298","127,018","118,650","5,662","2.51312","8,368","7.05268","86.07049","46.23","4,995.9"
"2025000000","","2025年","01106","","札幌市南区","","135,777","61,935","62,134","-3,252","-2.39510","-199","-0.32028","85.65605","657.48","201.6"
"2025000000","","2025年","01107","","札幌市西区","","217,040","107,051","103,849","734","0.33819","3,202","3.08332","85.24025","75.10","2,899.8"
"2025000000","","2025年","01108","","札幌市厚別区","","125,083","58,467","57,289","-3,080","-2.46236","1,178","2.05624","82.27631","24.38","5,004.2"
"2025000000","","2025年","01109","","札幌市手稲区","","142,625","60,851","61,080","-3,479","-2.43926","-229","-0.37492","87.79658","56.77","2,451.0"
"2025000000","","2025年","01110","","札幌市清田区","","112,355","45,146","45,634","-4,411","-3.92595","-488","-1.06938","88.73638","59.87","1,803.0"
"2025000000","","2025年","01202","","函館市","","251,084","115,803","121,793","-20,586","-8.19885","-5,990","-4.91818","83.01481","677.87","340.0"
"2025000000","","2025年","01203","","小樽市","","111,299","49,133","52,817","-10,895","-9.78895","-3,684","-6.97503","82.09253","243.87","411.7"
"2025000000","","2025年","01204","","旭川市","","329,306","150,593","156,195","-23,605","-7.16811","-5,602","-3.58654","84.99304","747.66","408.9"
"2025000000","","2025年","01205","","室蘭市","","82,383","39,105","41,766","-8,364","-10.15258","-2,661","-6.37121","96.80147","81.01","913.7"
"2025000000","","2025年","01206","","釧路市","","165,077","77,314","80,349","-13,751","-8.33005","-3,035","-3.77727","87.84027","1,363.26","111.0"
"2025000000","","2025年","01207","","帯広市","","166,536","80,646","80,175","-5,772","-3.46592","471","0.58746","91.13542","619.34","259.6"
"2025000000","","2025年","01208","","北見市","","115,480","53,937","55,188","-7,193","-6.22878","-1,251","-2.26680","92.10382","1,427.41","75.9"
"2025000000","","2025年","01209","","夕張市","","7,334","2,961","3,807","-1,716","-23.39787","-846","-22.22222","88.27078","763.07","7.4"
"2025000000","","2025年","01210","","岩見沢市","","79,306","34,158","35,584","-6,302","-7.94644","-1,426","-4.00742","87.03149","481.02","151.8"
"2025000000","","2025年","01211","","網走市","","35,759","17,036","17,253","-2,989","-8.35873","-217","-1.25775","99.62232","470.84","69.6"
"2025000000","","2025年","01212","","留萌市","","20,114","8,938","9,816","-2,754","-13.69196","-878","-8.94458","94.68431","297.81","58.3"
"2025000000","","2025年","01213","","苫小牧市","","170,113","79,993","80,130","-5,693","-3.34660","-137","-0.17097","97.44221","561.66","292.7"
"2025000000","","2025年","01214","","稚内市","","33,563","15,180","16,060","-3,495","-10.41325","-880","-5.47945","98.78355","761.42","39.5"
"2025000000","","2025年","01215","","美唄市","","20,413","8,507","9,434","-2,745","-13.44731","-927","-9.82616","90.01936","277.69","63.6"
"2025000000","","2025年","01216","","芦別市","","12,555","5,451","6,055","-1,950","-15.53166","-604","-9.97523","86.87225","865.04","12.3"
"2025000000","","2025年","01217","","江別市","","121,056","54,574","53,977","-1,488","-1.22918","597","1.10603","90.48590","187.38","638.1"
"2025000000","","2025年","01218","","赤平市","","9,698","3,993","4,494","-1,430","-14.74531","-501","-11.14820","83.00133","129.88","63.7"
"2025000000","","2025年","01219","","紋別市","","21,215","10,927","11,214","-1,752","-8.25831","-287","-2.55930","87.39650","830.67","23.4"
"2025000000","","2025年","01220","","士別市","","17,858","7,702","8,184","-2,073","-11.60824","-482","-5.88954","90.82447","1,119.22","14.1"
"2025000000","","2025年","01221","","名寄市","","27,282","12,109","12,810","-2,884","-10.57107","-701","-5.47229","94.54589","534.86","45.6"
"2025000000","","2025年","01222","","三笠市","","8,040","3,455","3,816","-1,133","-14.09204","-361","-9.46017","87.18157","302.52","22.8"
"2025000000","","2025年","01223","","根室市","","24,636","10,142","11,153","-3,435","-13.94301","-1,011","-9.06483","90.12645","502.65","52.0"
"2025000000","","2025年","01224","","千歳市","","97,950","47,127","43,809","227","0.23175","3,318","7.57379","104.08897","594.50","165.1"
"2025000000","","2025年","01225","","滝川市","","39,490","17,832","18,688","-3,645","-9.23018","-856","-4.58048","89.88716","115.90","309.3"
"2025000000","","2025年","01226","","砂川市","","16,486","7,182","7,599","-1,488","-9.02584","-417","-5.48756","86.19491","78.68","190.6"
"2025000000","","2025年","01227","","歌志内市","","2,989","1,192","1,424","-538","-17.99933","-232","-16.29213","91.03663","55.95","43.8"
"2025000000","","2025年","01228","","深川市","","20,039","8,501","9,198","-2,319","-11.57243","-697","-7.57773","85.49147","529.42","33.5"
"2025000000","","2025年","01229","","富良野市","","21,131","9,333","9,538","-1,810","-8.56561","-205","-2.14930","89.03238","600.71","32.2"
"2025000000","","2025年","01230","","登別市","","46,391","20,013","20,928","-4,400","-9.48460","-915","-4.37213","90.43537","212.21","197.9"
"2025000000","","2025年","01231","","恵庭市","","70,331","32,299","30,276","587","0.83462","2,023","6.68186","94.46105","294.65","240.7"
"2025000000","","2025年","01233","","伊達市","","32,826","14,013","14,844","-2,718","-8.28002","-831","-5.59822","84.80236","444.21","67.8"
"2025000000","","2025年","01234","","北広島市","","58,171","24,574","24,640","-2,333","-4.01059","-66","-0.26786","90.54086","119.05","469.0"
"2025000000","","2025年","01235","","石狩市","","56,869","24,517","23,102","-1,098","-1.93075","1,415","6.12501","92.35359","722.33","77.2"
"2025000000","","2025年","01236","","北斗市","","44,302","17,748","18,337","-3,701","-8.35402","-589","-3.21208","87.78502","397.44","102.2"
"2025000000","","2025年","01303","","当別町","","15,916","7,058","7,281","-967","-6.07565","-223","-3.06277","94.72450","422.86","35.4"
"2025000000","","2025年","01304","","新篠津村","","3,044","982","1,051","-310","-10.18397","-69","-6.56518","96.26705","78.04","35.0"
"2025000000","","2025年","01331","","松前町","","6,260","2,822","3,196","-997","-15.92652","-374","-11.70213","85.12135","293.25","17.9"
"2025000000","","2025年","01332","","福島町","","3,794","1,658","1,861","-610","-16.07802","-203","-10.90811","87.62522","187.25","17.0"
"2025000000","","2025年","01333","","知内町","","4,167","1,704","1,868","-513","-12.31102","-164","-8.77944","98.15618","196.76","18.6"
"2025000000","","2025年","01334","","木古内町","","3,832","1,690","1,871","-574","-14.97912","-181","-9.67397","86.38444","221.86","14.7"
"2025000000","","2025年","01337","","七飯町","","27,686","11,657","11,568","-720","-2.60059","89","0.76936","86.82278","216.75","124.4"
"2025000000","","2025年","01343","","鹿部町","","3,760","1,602","1,619","-413","-10.98404","-17","-1.05003","89.30995","110.63","30.3"
"2025000000","","2025年","01345","","森町","","14,338","6,202","6,330","-1,486","-10.36407","-128","-2.02212","85.88371","368.79","34.8"
"2025000000","","2025年","01346","","八雲町","","15,826","7,753","7,519","-1,013","-6.40086","234","3.11212","102.41869","956.08","15.5"
"2025000000","","2025年","01347","","長万部町","","5,109","2,351","2,717","201","3.93423","-366","-13.47074","123.95614","310.76","17.1"
"2025000000","","2025年","01361","","江差町","","7,428","3,217","3,542","-1,169","-15.73775","-325","-9.17561","91.69985","109.48","57.2"
"2025000000","","2025年","01362","","上ノ国町","","4,306","1,854","2,053","-648","-15.04877","-199","-9.69313","84.56105","547.72","6.7"
"2025000000","","2025年","01363","","厚沢部町","","3,592","1,475","1,654","-493","-13.72494","-179","-10.82225","92.24566","460.58","6.7"
"2025000000","","2025年","01364","","乙部町","","3,403","1,467","1,597","-466","-13.69380","-130","-8.14026","84.48492","162.59","18.1"
"2025000000","","2025年","01367","","奥尻町","","2,410","1,072","1,215","-361","-14.97925","-143","-11.76955","112.99376","142.99","14.3"
"2025000000","","2025年","01370","","今金町","","5,072","2,021","2,192","-679","-13.38722","-171","-7.80109","94.89796","568.25","7.7"
"2025000000","","2025年","01371","","せたな町","","7,398","3,191","3,534","-1,027","-13.88213","-343","-9.70572","89.10656","638.68","10.0"
"2025000000","","2025年","01391","","島牧村","","1,356","556","617","-186","-13.71681","-61","-9.88655","101.72414","437.18","2.7"
"2025000000","","2025年","01392","","寿都町","","2,838","1,244","1,340","-342","-12.05074","-96","-7.16418","97.62470","95.25","26.2"
"2025000000","","2025年","01393","","黒松内町","","2,791","1,387","1,298","-148","-5.30276","89","6.85670","108.27423","345.65","7.6"
"2025000000","","2025年","01394","","蘭越町","","4,568","2,037","2,081","-222","-4.85989","-44","-2.11437","94.71326","449.78","9.7"
"2025000000","","2025年","01395","","ニセコ町","","5,074","2,899","2,515","296","5.83366","384","15.26839","106.61793","197.13","27.2"
"2025000000","","2025年","01396","","真狩村","","2,045","985","903","-80","-3.91198","82","9.08084","110.38544","114.25","17.2"
"2025000000","","2025年","01397","","留寿都村","","1,911","1,052","959","-34","-1.77917","93","9.69760","106.71806","119.84","15.7"
"2025000000","","2025年","01398","","喜茂別町","","2,156","1,142","1,130","-148","-6.86456","12","1.06195","112.71186","189.41","10.6"
"2025000000","","2025年","01399","","京極町","","2,941","1,358","1,269","-132","-4.48827","89","7.01340","96.84653","231.49","12.1"
"2025000000","","2025年","01400","","倶知安町","","15,129","8,018","7,631","-366","-2.41919","387","5.07142","117.23072","261.34","56.5"
"2025000000","","2025年","01401","","共和町","","5,772","3,281","2,728","217","3.75953","553","20.27126","137.09422","304.92","19.6"
"2025000000","","2025年","01402","","岩内町","","11,648","5,463","5,750","-1,283","-11.01477","-287","-4.99130","95.16099","70.60","146.8"
"2025000000","","2025年","01403","","泊村","","1,569","832","813","-79","-5.03505","19","2.33702","116.88501","82.27","18.1"
"2025000000","","2025年","01404","","神恵内村","","870","389","401","-67","-7.70115","-12","-2.99252","93.96135","147.79","5.4"
"2025000000","","2025年","01405","","積丹町","","1,831","768","883","-333","-18.18678","-115","-13.02378","90.34307","238.13","6.3"
"2025000000","","2025年","01406","","古平町","","2,745","1,176","1,282","-346","-12.60474","-106","-8.26833","91.46049","188.36","12.7"
"2025000000","","2025年","01407","","仁木町","","3,180","1,659","1,332","8","0.25157","327","24.54955","95.70289","167.96","19.0"
"2025000000","","2025年","01408","","余市町","","18,000","8,139","8,283","-1,514","-8.41111","-144","-1.73850","86.91610","140.62","117.2"
"2025000000","","2025年","01409","","赤井川村","","1,165","598","621","-98","-8.41202","-23","-3.70370","116.43002","280.09","3.8"
"2025000000","","2025年","01423","","南幌町","","7,319","3,264","2,980","571","7.80161","284","9.53020","92.29832","81.36","97.0"
"2025000000","","2025年","01424","","奈井江町","","5,120","2,143","2,312","-577","-11.26953","-169","-7.30969","88.81962","88.19","51.5"
"2025000000","","2025年","01425","","上砂川町","","2,841","1,302","1,479","-514","-18.09222","-177","-11.96755","88.57374","39.98","58.2"
"2025000000","","2025年","01427","","由仁町","","4,822","1,982","2,063","-473","-9.80921","-81","-3.92632","90.16178","133.74","32.5"
"2025000000","","2025年","01428","","長沼町","","10,289","4,025","4,091","-810","-7.87249","-66","-1.61330","90.37959","168.52","56.2"
"2025000000","","2025年","01429","","栗山町","","11,272","4,883","4,964","-867","-7.69163","-81","-1.63175","86.56984","203.93","51.0"
"2025000000","","2025年","01430","","月形町","","3,691","1,164","1,320","-698","-18.91086","-156","-11.81818","132.55633","150.40","19.9"
"2025000000","","2025年","01431","","浦臼町","","1,732","707","777","-199","-11.48961","-70","-9.00901","95.03817","101.83","15.1"
"2025000000","","2025年","01432","","新十津川町","","6,484","2,480","2,543","-370","-5.70635","-63","-2.47739","86.06208","495.47","12.3"
"2025000000","","2025年","01433","","妹背牛町","","2,693","1,140","1,201","-402","-14.92759","-61","-5.07910","91.87605","48.64","47.1"
"2025000000","","2025年","01434","","秩父別町","","2,329","925","982","-213","-9.14556","-57","-5.80448","87.09107","47.18","44.8"
"2025000000","","2025年","01436","","雨竜町","","2,389","874","926","-242","-10.12976","-52","-5.61555","92.38351","191.15","11.2"
"2025000000","","2025年","01437","","北竜町","","1,724","681","737","-193","-11.19490","-56","-7.59837","92.82116","158.70","9.6"
"2025000000","","2025年","01438","","沼田町","","2,909","1,179","1,244","-255","-8.76590","-65","-5.22508","94.86050","283.35","9.4"
"2025000000","","2025年","01452","","鷹栖町","","6,567","2,660","2,658","-394","-5.99970","2","0.07524","90.23112","139.42","44.3"
"2025000000","","2025年","01453","","東神楽町","","10,127","3,820","3,840","-539","-5.32241","-20","-0.52083","87.30221","68.50","140.0"
"2025000000","","2025年","01454","","当麻町","","6,319","2,704","2,773","-493","-7.80187","-69","-2.48828","85.65966","204.90","28.4"
"2025000000","","2025年","01455","","比布町","","3,520","1,475","1,570","-259","-7.35795","-95","-6.05096","91.71076","86.90","37.5"
"2025000000","","2025年","01456","","愛別町","","2,605","1,090","1,189","-317","-12.16891","-99","-8.32632","90.82569","250.13","9.1"
"2025000000","","2025年","01457","","上川町","","3,500","1,819","1,913","-330","-9.42857","-94","-4.91375","92.23772","1,049.47","3.0"
"2025000000","","2025年","01458","","東川町","","8,314","3,661","3,405","412","4.95550","256","7.51836","86.81225","247.30","35.3"
"2025000000","","2025年","01459","","美瑛町","","9,668","4,438","4,213","-331","-3.42367","225","5.34061","86.66533","676.78","13.8"
"2025000000","","2025年","01460","","上富良野町","","10,348","4,124","4,287","-1,198","-11.57712","-163","-3.80219","103.01753","237.10","38.6"
"2025000000","","2025年","01461","","中富良野町","","4,733","1,965","1,977","-448","-9.46546","-12","-0.60698","88.18621","108.65","39.4"
"2025000000","","2025年","01462","","南富良野町","","2,376","1,102","1,075","-181","-7.61785","27","2.51163","107.46692","665.54","3.3"
"2025000000","","2025年","01463","","占冠村","","1,306","1,084","849","181","13.85911","235","27.67962","109.43662","571.41","2.6"
"2025000000","","2025年","01464","","和寒町","","3,192","1,286","1,429","-523","-16.38471","-143","-10.00700","90.50678","225.11","11.9"
"2025000000","","2025年","01465","","剣淵町","","2,926","1,181","1,227","-286","-9.77444","-46","-3.74898","96.72131","130.99","20.2"
"2025000000","","2025年","01468","","下川町","","3,126","1,394","1,473","-382","-12.22009","-79","-5.36320","94.05941","644.54","4.3"
"2025000000","","2025年","01469","","美深町","","4,145","1,696","1,912","-510","-12.30398","-216","-11.29707","96.27430","672.09","5.4"
"2025000000","","2025年","01470","","音威子府村","","706","318","347","-107","-15.15581","-29","-8.35735","115.46763","275.63","2.2"
"2025000000","","2025年","01471","","中川町","","1,528","651","822","-298","-19.50262","-171","-20.80292","112.06897","594.74","2.1"
"2025000000","","2025年","01472","","幌加内町","","1,370","616","667","-169","-12.33577","-51","-7.64618","101.51007","767.04","1.6"
"2025000000","","2025年","01481","","増毛町","","3,908","1,646","1,878","-565","-14.45752","-232","-12.35357","83.47969","369.72","9.0"
"2025000000","","2025年","01482","","小平町","","2,994","1,262","1,366","-432","-14.42886","-104","-7.61347","94.38543","627.22","4.1"
"2025000000","","2025年","01483","","苫前町","","2,936","1,230","1,347","-376","-12.80654","-117","-8.68597","97.07467","454.60","5.6"
"2025000000","","2025年","01484","","羽幌町","","6,548","2,938","3,143","-906","-13.83629","-205","-6.52243","95.90278","472.65","11.9"
"2025000000","","2025年","01485","","初山別村","","1,080","467","498","-134","-12.40741","-31","-6.22490","99.57806","279.52","3.4"
"2025000000","","2025年","01486","","遠別町","","2,520","1,132","1,200","-357","-14.16667","-68","-5.66667","96.99454","590.80","3.7"
"2025000000","","2025年","01487","","天塩町","","2,950","1,401","1,425","-415","-14.06780","-24","-1.68421","109.85099","353.56","7.2"
"2025000000","","2025年","01511","","猿払村","","2,611","1,230","1,238","-105","-4.02145","-8","-0.64620","93.81284","589.99","4.2"
"2025000000","","2025年","01512","","浜頓別町","","3,448","1,599","1,716","-409","-11.86195","-117","-6.81818","93.44367","401.59","7.6"
"2025000000","","2025年","01513","","中頓別町","","1,637","724","756","-222","-13.56139","-32","-4.23280","100.42493","398.51","3.6"
"2025000000","","2025年","01514","","枝幸町","","7,565","3,590","3,515","-540","-7.13814","75","2.13371","92.57127","1,115.62","6.3"
"2025000000","","2025年","01516","","豊富町","","3,974","1,711","1,951","-543","-13.66381","-240","-12.30138","108.06549","520.69","6.6"
"2025000000","","2025年","01517","","礼文町","","2,509","1,164","1,246","-330","-13.15265","-82","-6.58106","108.91659","81.64","26.7"
"2025000000","","2025年","01518","","利尻町","","2,004","931","1,037","-236","-11.77645","-106","-10.22179","100.90909","76.50","23.1"
"2025000000","","2025年","01519","","利尻富士町","","2,458","1,132","1,199","-318","-12.93735","-67","-5.58799","93.31527","105.62","20.3"
"2025000000","","2025年","01520","","幌延町","","2,371","1,072","1,225","-359","-15.14129","-153","-12.48980","116.57696","574.10","3.5"
"2025000000","","2025年","01543","","美幌町","","18,697","7,986","8,309","-1,990","-10.64342","-323","-3.88735","95.38066","438.41","38.1"
"2025000000","","2025年","01544","","津別町","","4,373","1,840","2,043","-599","-13.69769","-203","-9.93637","99.47146","716.80","5.3"
"2025000000","","2025年","01545","","斜里町","","11,418","5,419","5,349","-701","-6.13943","70","1.30866","98.16938","737.13","14.5"
"2025000000","","2025年","01546","","清里町","","3,883","1,533","1,591","-312","-8.03502","-58","-3.64551","96.96635","402.76","8.9"
"2025000000","","2025年","01547","","小清水町","","4,623","1,864","1,966","-428","-9.25806","-102","-5.18820","93.05108","286.89","14.6"
"2025000000","","2025年","01549","","訓子府町","","4,677","1,837","1,873","-432","-9.23669","-36","-1.92205","92.86688","190.95","22.2"
"2025000000","","2025年","01550","","置戸町","","2,775","1,193","1,202","-306","-11.02703","-9","-0.74875","87.18726","527.27","4.7"
"2025000000","","2025年","01552","","佐呂間町","","4,875","2,213","2,266","-536","-10.99487","-53","-2.33892","84.95311","404.94","10.7"
"2025000000","","2025年","01555","","遠軽町","","19,241","8,225","8,813","-2,194","-11.40273","-588","-6.67196","94.35640","1,332.45","12.8"
"2025000000","","2025年","01559","","湧別町","","8,270","3,605","3,692","-732","-8.85127","-87","-2.35645","92.44320","505.79","14.9"
"2025000000","","2025年","01560","","滝上町","","2,421","1,101","1,201","-324","-13.38290","-100","-8.32639","96.34831","766.89","2.7"
"2025000000","","2025年","01561","","興部町","","3,628","1,756","1,725","-272","-7.49724","31","1.79710","99.88088","362.55","9.3"
"2025000000","","2025年","01562","","西興部村","","1,053","468","499","-139","-13.20038","-31","-6.21242","102.66075","308.08","3.0"
"2025000000","","2025年","01563","","雄武町","","4,199","2,006","2,052","-338","-8.04954","-46","-2.24172","92.28088","636.88","6.1"
"2025000000","","2025年","01564","","大空町","","6,775","2,671","2,750","-592","-8.73801","-79","-2.87273","95.85049","343.66","18.0"
"2025000000","","2025年","01571","","豊浦町","","3,821","1,640","1,774","-412","-10.78252","-134","-7.55355","89.91643","233.57","14.6"
"2025000000","","2025年","01575","","壮瞥町","","2,743","1,131","1,170","-394","-14.36384","-39","-3.33333","93.97192","205.01","11.5"
"2025000000","","2025年","01578","","白老町","","16,212","7,322","7,688","-1,630","-10.05428","-366","-4.76067","90.93885","425.63","34.3"
"2025000000","","2025年","01581","","厚真町","","4,432","1,884","1,930","-273","-6.15975","-46","-2.38342","107.43142","405.38","10.3"
"2025000000","","2025年","01584","","洞爺湖町","","8,442","4,006","4,030","-616","-7.29685","-24","-0.59553","84.09786","180.87","43.3"
"2025000000","","2025年","01585","","安平町","","7,340","3,344","3,451","-385","-5.24523","-107","-3.10055","97.81001","237.16","29.3"
"2025000000","","2025年","01586","","むかわ町","","7,651","3,799","3,647","-497","-6.49588","152","4.16781","101.29432","711.36","10.1"
"2025000000","","2025年","01601","","日高町","","11,279","5,493","5,552","-981","-8.69758","-59","-1.06268","108.88438","992.07","10.4"
"2025000000","","2025年","01602","","平取町","","4,776","2,146","2,288","-444","-9.29648","-142","-6.20629","97.98903","743.09","5.8"
"2025000000","","2025年","01604","","新冠町","","5,309","2,375","2,443","-550","-10.35977","-68","-2.78346","99.95798","585.71","8.1"
"2025000000","","2025年","01607","","浦河町","","12,074","5,636","5,936","-954","-7.90128","-300","-5.05391","105.24179","694.30","16.0"
"2025000000","","2025年","01608","","様似町","","4,043","1,830","1,913","-378","-9.34949","-83","-4.33873","94.63622","364.30","10.1"
"2025000000","","2025年","01609","","えりも町","","4,374","1,698","1,822","-636","-14.54047","-124","-6.80571","101.83585","284.00","13.2"
"2025000000","","2025年","01610","","新ひだか町","","21,517","9,789","10,176","-1,944","-9.03472","-387","-3.80307","96.65428","1,147.55","17.1"
"2025000000","","2025年","01631","","音更町","","43,576","18,662","18,362","-1,579","-3.62355","300","1.63381","89.46585","466.02","90.1"
"2025000000","","2025年","01632","","士幌町","","5,848","2,464","2,524","-463","-7.91724","-60","-2.37718","97.75982","259.19","20.8"
"2025000000","","2025年","01633","","上士幌町","","4,778","2,290","2,350","-306","-6.40435","-60","-2.55319","97.78859","694.23","6.4"
"2025000000","","2025年","01634","","鹿追町","","5,266","2,227","2,255","-405","-7.69085","-28","-1.24169","95.53500","402.88","12.1"
"2025000000","","2025年","01635","","新得町","","5,817","2,712","2,883","-593","-10.19426","-171","-5.93132","100.61444","1,063.83","4.9"
"2025000000","","2025年","01636","","清水町","","9,094","4,114","4,166","-726","-7.98329","-52","-1.24820","99.04853","402.25","20.8"
"2025000000","","2025年","01637","","芽室町","","18,048","7,367","7,257","-806","-4.46587","110","1.51578","90.58251","513.76","33.6"
"2025000000","","2025年","01638","","中札内村","","3,884","1,745","1,684","-80","-2.05973","61","3.62233","96.58915","292.58","13.0"
"2025000000","","2025年","01639","","更別村","","3,080","1,352","1,311","-79","-2.56494","41","3.12738","97.95515","176.90","17.0"
"2025000000","","2025年","01641","","大樹町","","5,420","2,666","2,593","-293","-5.40590","73","2.81527","104.58899","815.67","6.3"
"2025000000","","2025年","01642","","広尾町","","6,387","2,729","2,997","-881","-13.79364","-268","-8.94228","94.07825","596.48","9.2"
"2025000000","","2025年","01643","","幕別町","","25,766","11,082","11,029","-1,571","-6.09718","53","0.48055","88.62556","477.64","50.7"
"2025000000","","2025年","01644","","池田町","","6,294","2,773","2,974","-702","-11.15348","-201","-6.75857","90.33356","371.79","15.0"
"2025000000","","2025年","01645","","豊頃町","","3,022","1,331","1,355","-318","-10.52283","-24","-1.77122","95.94203","536.71","5.0"
"2025000000","","2025年","01646","","本別町","","6,618","2,852","3,108","-923","-13.94681","-256","-8.23681","96.10882","391.91","14.5"
"2025000000","","2025年","01647","","足寄町","","6,563","2,802","3,097","-950","-14.47509","-295","-9.52535","97.91961","1,408.04","4.0"
"2025000000","","2025年","01648","","陸別町","","2,264","954","1,058","-276","-12.19081","-104","-9.82987","101.82741","608.90","3.3"
"2025000000","","2025年","01649","","浦幌町","","4,387","1,901","1,991","-532","-12.12674","-90","-4.52034","95.38773","729.85","5.3"
"2025000000","","2025年","01661","","釧路町","","19,105","8,142","8,268","-1,323","-6.92489","-126","-1.52395","89.37167","252.04","70.6"
"2025000000","","2025年","01662","","厚岸町","","8,892","3,879","4,021","-1,031","-11.59469","-142","-3.53146","91.31175","739.12","10.6"
"2025000000","","2025年","01663","","浜中町","","5,507","2,436","2,323","-363","-6.59161","113","4.86440","97.39064","423.12","12.2"
"2025000000","","2025年","01664","","標茶町","","7,230","3,187","3,248","-713","-9.86169","-61","-1.87808","97.96476","1,099.37","5.9"
"2025000000","","2025年","01665","","弟子屈町","","6,955","3,198","3,339","-708","-10.17973","-141","-4.22282","92.92773","774.33","8.1"
"2025000000","","2025年","01667","","鶴居村","","2,558","1,135","1,109","-158","-6.17670","26","2.34445","98.18332","571.80","4.2"
"2025000000","","2025年","01668","","白糠町","","7,289","3,323","3,457","-674","-9.24681","-134","-3.87619","88.94602","773.13","8.6"
"2025000000","","2025年","01691","","別海町","","14,380","6,121","6,092","-1,057","-7.35049","29","0.47603","105.44333","1,317.17","10.1"
"2025000000","","2025年","01692","","中標津町","","23,010","10,775","10,577","-1,225","-5.32377","198","1.87199","98.51467","684.87","31.8"
"2025000000","","2025年","01693","","標津町","","5,023","2,170","2,206","-411","-8.18236","-36","-1.63191","93.61881","624.69","7.4"
"2025000000","","2025年","01694","","羅臼町","","4,722","1,790","1,958","-695","-14.71834","-168","-8.58018","101.65248","397.72","10.1"
"2025000000","","2025年","02000","","青森県","","1,237,984","498,748","511,526","-97,589","-7.88290","-12,778","-2.49802","89.75906","9,645.11","118.2"
"2025000000","","2025年","02201","","青森市","","275,192","115,935","118,483","-19,012","-6.90863","-2,548","-2.15052","88.11038","824.61","310.7"
"2025000000","","2025年","02202","","弘前市","","168,466","68,900","71,022","-12,514","-7.42821","-2,122","-2.98781","84.85172","524.20","297.5"
"2025000000","","2025年","02203","","八戸市","","223,415","91,720","95,671","-18,279","-8.18164","-3,951","-4.12978","91.28148","305.56","671.3"
"2025000000","","2025年","02204","","黒石市","","31,946","11,225","11,661","-3,050","-9.54736","-436","-3.73896","86.67873","217.05","133.1"
"2025000000","","2025年","02205","","五所川原市","","51,415","20,525","20,908","-3,922","-7.62812","-383","-1.83183","82.79897","404.20","117.5"
"2025000000","","2025年","02206","","十和田市","","60,378","25,490","25,540","-3,603","-5.96741","-50","-0.19577","90.41151","725.65","78.2"
"2025000000","","2025年","02207","","三沢市","","39,152","17,697","17,252","-2,031","-5.18747","445","2.57941","104.20838","119.39","310.9"
"2025000000","","2025年","02208","","むつ市","","54,103","23,396","24,077","-4,404","-8.14003","-681","-2.82843","94.82164","864.20","57.5"
"2025000000","","2025年","02209","","つがる市","","30,934","10,381","10,823","-3,865","-12.49434","-442","-4.08390","86.07960","253.55","106.8"
"2025000000","","2025年","02210","","平川市","","30,567","10,116","10,049","-1,791","-5.85926","67","0.66673","87.07580","346.01","83.2"
"2025000000","","2025年","02301","","平内町","","10,126","3,568","3,796","-997","-9.84594","-228","-6.00632","90.18750","217.09","42.1"
"2025000000","","2025年","02303","","今別町","","2,334","997","1,127","-444","-19.02314","-130","-11.53505","87.68620","125.27","15.1"
"2025000000","","2025年","02304","","蓬田村","","2,540","856","899","-287","-11.29921","-43","-4.78309","91.74468","80.84","27.9"
"2025000000","","2025年","02307","","外ヶ浜町","","5,401","2,157","2,358","-889","-16.45991","-201","-8.52417","89.81910","230.30","19.6"
"2025000000","","2025年","02321","","鰺ヶ沢町","","9,044","3,311","3,643","-1,301","-14.38523","-332","-9.11337","85.72799","343.08","22.6"
"2025000000","","2025年","02323","","深浦町","","7,346","2,799","3,047","-1,083","-14.74272","-248","-8.13915","87.68355","488.91","12.8"
"2025000000","","2025年","02343","","西目屋村","","1,265","412","437","-144","-11.38340","-25","-5.72082","86.52246","246.02","4.6"
"2025000000","","2025年","02361","","藤崎町","","14,573","5,079","4,965","-456","-3.12907","114","2.29607","87.47676","37.29","378.6"
"2025000000","","2025年","02362","","大鰐町","","8,665","3,032","3,228","-1,056","-12.18696","-196","-6.07187","83.34940","163.43","46.6"
"2025000000","","2025年","02367","","田舎館村","","7,326","2,372","2,401","-475","-6.48376","-29","-1.20783","89.14964","22.35","306.5"
"2025000000","","2025年","02381","","板柳町","","12,700","4,342","4,476","-1,169","-9.20472","-134","-2.99374","83.67314","41.88","275.3"
"2025000000","","2025年","02384","","鶴田町","","12,074","4,128","4,256","-1,311","-10.85804","-128","-3.00752","85.15397","46.43","231.8"
"2025000000","","2025年","02387","","中泊町","","9,657","3,555","3,870","-1,480","-15.32567","-315","-8.13953","83.75281","216.34","37.8"
"2025000000","","2025年","02401","","野辺地町","","12,374","5,376","5,433","-1,177","-9.51188","-57","-1.04914","89.58686","81.68","137.1"
"2025000000","","2025年","02402","","七戸町","","14,556","5,289","5,447","-1,442","-9.90657","-158","-2.90068","91.47321","337.23","38.9"
"2025000000","","2025年","02405","","六戸町","","10,447","3,938","3,840","-477","-4.56590","98","2.55208","97.15246","83.89","118.8"
"2025000000","","2025年","02406","","横浜町","","4,229","1,791","1,813","-412","-9.74226","-22","-1.21346","98.80208","126.38","30.2"
"2025000000","","2025年","02408","","東北町","","16,428","5,741","5,871","-1,540","-9.37424","-130","-2.21427","91.75683","326.50","45.6"
"2025000000","","2025年","02411","","六ヶ所村","","10,367","5,992","5,194","236","2.27645","798","15.36388","152.57265","252.58","42.0"
"2025000000","","2025年","02412","","おいらせ町","","24,273","9,636","9,258","-585","-2.41009","378","4.08296","92.44455","71.96","329.2"
"2025000000","","2025年","02423","","大間町","","4,718","1,942","2,090","-627","-13.28953","-148","-7.08134","100.73602","52.09","78.5"
"2025000000","","2025年","02424","","東通村","","5,955","2,390","2,559","-760","-12.76238","-169","-6.60414","116.81970","295.32","17.6"
"2025000000","","2025年","02425","","風間浦村","","1,636","676","750","-256","-15.64792","-74","-9.86667","91.40083","69.46","19.9"
"2025000000","","2025年","02426","","佐井村","","1,788","714","826","-323","-18.06488","-112","-13.55932","103.47222","135.05","10.8"
"2025000000","","2025年","02441","","三戸町","","9,082","3,356","3,566","-1,082","-11.91368","-210","-5.88895","89.43879","151.79","52.7"
"2025000000","","2025年","02442","","五戸町","","16,042","5,846","6,059","-1,707","-10.64082","-213","-3.51543","91.95233","177.67","80.7"
"2025000000","","2025年","02443","","田子町","","4,968","1,801","1,918","-621","-12.50000","-117","-6.10010","92.09015","241.98","18.0"
"2025000000","","2025年","02445","","南部町","","16,809","6,100","6,263","-1,625","-9.66744","-163","-2.60259","88.64455","153.12","99.2"
"2025000000","","2025年","02446","","階上町","","13,496","5,437","5,862","-1,280","-9.48429","-425","-7.25009","98.66645","94.00","130.0"
"2025000000","","2025年","02450","","新郷村","","2,197","730","788","-348","-15.83978","-58","-7.36041","96.28450","150.77","12.3"
"2025000000","","2025年","03000","","岩手県","","1,210,534","486,376","492,436","-85,032","-7.02434","-6,060","-1.23062","93.40682","15,275.05","73.7"
"2025000000","","2025年","03201","","盛岡市","","289,731","130,850","131,110","-11,095","-3.82941","-260","-0.19831","89.88285","886.47","314.3"
"2025000000","","2025年","03202","","宮古市","","50,369","19,854","21,289","-6,092","-12.09474","-1,435","-6.74057","92.70978","1,259.18","35.2"
"2025000000","","2025年","03203","","大船渡市","","34,728","13,179","14,124","-4,122","-11.86938","-945","-6.69074","91.16802","322.51","94.9"
"2025000000","","2025年","03205","","花巻市","","93,193","35,025","34,724","-5,921","-6.35348","301","0.86684","91.67179","908.39","96.1"
"2025000000","","2025年","03206","","北上市","","93,045","40,592","38,915","-2,184","-2.34725","1,677","4.30939","104.52673","437.55","207.7"
"2025000000","","2025年","03207","","久慈市","","33,043","13,419","14,122","-3,398","-10.28357","-703","-4.97805","92.05105","623.50","47.5"
"2025000000","","2025年","03208","","遠野市","","25,366","9,355","9,622","-2,713","-10.69542","-267","-2.77489","93.13667","825.97","27.4"
"2025000000","","2025年","03209","","一関市","","111,932","41,464","42,232","-10,016","-8.94829","-768","-1.81853","95.24138","1,256.42","81.1"
"2025000000","","2025年","03210","","陸前高田市","","18,262","6,793","7,142","-1,844","-10.09747","-349","-4.88659","90.84040","231.94","70.8"
"2025000000","","2025年","03211","","釜石市","","32,078","13,619","14,725","-4,066","-12.67535","-1,106","-7.51104","92.25806","440.35","63.6"
"2025000000","","2025年","03213","","二戸市","","25,513","10,178","10,555","-2,514","-9.85380","-377","-3.57177","89.40130","420.42","54.7"
"2025000000","","2025年","03214","","八幡平市","","24,023","8,898","9,152","-1,965","-8.17966","-254","-2.77535","92.00905","862.30","25.6"
"2025000000","","2025年","03215","","奥州市","","112,937","42,274","42,371","-9,038","-8.00269","-97","-0.22893","94.88858","993.30","104.6"
"2025000000","","2025年","03216","","滝沢市","","55,579","22,090","21,709","-1,839","-3.30880","381","1.75503","94.99982","182.46","294.5"
"2025000000","","2025年","03301","","雫石町","","15,731","5,261","5,412","-1,457","-9.26197","-151","-2.79010","92.06136","608.82","23.4"
"2025000000","","2025年","03302","","葛巻町","","5,634","2,169","2,349","-754","-13.38303","-180","-7.66284","94.96604","434.96","11.2"
"2025000000","","2025年","03303","","岩手町","","12,285","4,500","4,773","-1,623","-13.21123","-273","-5.71967","97.44444","360.46","29.6"
"2025000000","","2025年","03321","","紫波町","","32,147","11,979","11,368","-677","-2.10595","611","5.37474","92.35941","238.98","131.7"
"2025000000","","2025年","03322","","矢巾町","","28,056","11,093","10,986","-1,052","-3.74964","107","0.97397","92.03527","67.32","401.1"
"2025000000","","2025年","03366","","西和賀町","","5,134","1,806","1,989","-780","-15.19283","-183","-9.20060","89.71678","590.74","7.4"
"2025000000","","2025年","03381","","金ケ崎町","","15,535","6,220","5,923","-406","-2.61345","297","5.01435","109.42691","179.76","84.2"
"2025000000","","2025年","03402","","平泉町","","7,252","2,324","2,409","-826","-11.38996","-85","-3.52844","92.68366","63.39","101.4"
"2025000000","","2025年","03441","","住田町","","5,045","1,842","1,981","-708","-14.03370","-139","-7.01666","96.86791","334.84","13.0"
"2025000000","","2025年","03461","","大槌町","","11,004","4,356","4,527","-1,134","-10.30534","-171","-3.77734","89.44338","200.42","49.2"
"2025000000","","2025年","03482","","山田町","","14,320","5,387","5,642","-1,631","-11.38966","-255","-4.51967","94.49724","262.81","48.3"
"2025000000","","2025年","03483","","岩泉町","","8,726","3,498","3,957","-1,297","-14.86363","-459","-11.59970","97.63235","992.36","7.5"
"2025000000","","2025年","03484","","田野畑村","","3,059","1,129","1,233","-379","-12.38967","-104","-8.43471","97.05882","156.19","17.2"
"2025000000","","2025年","03485","","普代村","","2,487","914","1,027","-355","-14.27423","-113","-11.00292","96.67897","69.66","30.6"
"2025000000","","2025年","03501","","軽米町","","8,421","3,207","3,274","-1,007","-11.95820","-67","-2.04643","94.28721","245.82","30.2"
"2025000000","","2025年","03503","","野田村","","3,936","1,441","1,503","-323","-8.20630","-62","-4.12508","90.25803","80.80","44.7"
"2025000000","","2025年","03506","","九戸村","","5,378","1,895","1,924","-661","-12.29081","-29","-1.50728","90.50889","134.02","35.2"
"2025000000","","2025年","03507","","洋野町","","15,091","5,529","5,793","-1,676","-11.10596","-264","-4.55722","88.78413","302.92","44.3"
"2025000000","","2025年","03524","","一戸町","","11,494","4,236","4,574","-1,479","-12.86758","-338","-7.38959","93.97637","300.03","33.4"
"2025000000","","2025年","04000","","宮城県","","2,301,996","1,007,392","982,523","-74,756","-3.24744","24,869","2.53114","94.72200","7,282.34","305.8"
"2025000000","","2025年","04100","","仙台市","","1,096,704","550,874","525,455","247","0.02252","25,419","4.83752","93.39382","786.38","1,394.9"
"2025000000","","2025年","04101","","仙台市青葉区","","311,590","173,411","163,122","4,727","1.51706","10,289","6.30755","93.47197","302.24","1,046.6"
"2025000000","","2025年","04102","","仙台市宮城野区","","196,732","100,109","95,772","-2,507","-1.27432","4,337","4.52846","94.46419","58.29","3,332.0"
"2025000000","","2025年","04103","","仙台市若林区","","141,475","73,084","68,527","1,513","1.06945","4,557","6.64993","96.55518","50.86","2,811.4"
"2025000000","","2025年","04104","","仙台市太白区","","234,758","110,787","105,061","3,294","1.40315","5,726","5.45017","91.99135","228.39","1,042.3"
"2025000000","","2025年","04105","","仙台市泉区","","212,149","93,483","92,973","-6,780","-3.19587","510","0.54855","91.75264","146.61","1,400.8"
"2025000000","","2025年","04202","","石巻市","","140,151","55,069","56,768","-11,324","-8.07986","-1,699","-2.99288","93.66948","554.55","232.3"
"2025000000","","2025年","04203","","塩竈市","","52,203","21,412","21,193","-2,438","-4.67023","219","1.03336","90.88259","17.38","2,863.3"
"2025000000","","2025年","04205","","気仙沼市","","61,147","23,111","24,520","-7,022","-11.48380","-1,409","-5.74633","92.84213","332.44","162.8"
"2025000000","","2025年","04206","","白石市","","32,758","12,175","12,518","-3,281","-10.01587","-343","-2.74005","95.35423","286.48","102.9"
"2025000000","","2025年","04207","","名取市","","78,718","31,568","29,739","19","0.02414","1,829","6.15017","95.63932","98.18","802.0"
"2025000000","","2025年","04208","","角田市","","27,976","10,059","10,276","-2,528","-9.03632","-217","-2.11172","98.11600","147.53","172.5"
"2025000000","","2025年","04209","","多賀城市","","62,827","26,471","26,347","-1,547","-2.46232","124","0.47064","98.81258","19.69","3,112.2"
"2025000000","","2025年","04211","","岩沼市","","44,068","17,439","17,251","-1,785","-4.05056","188","1.08979","96.82990","60.45","699.5"
"2025000000","","2025年","04212","","登米市","","76,037","25,405","25,697","-6,773","-8.90751","-292","-1.13632","95.45121","536.09","129.2"
"2025000000","","2025年","04213","","栗原市","","64,637","22,098","22,697","-6,447","-9.97416","-599","-2.63912","94.37485","805.00","72.3"
"2025000000","","2025年","04214","","東松島市","","39,098","14,681","14,476","-1,952","-4.99258","205","1.41614","94.81827","101.30","366.7"
"2025000000","","2025年","04215","","大崎市","","127,330","48,106","48,893","-8,763","-6.88212","-787","-1.60964","96.86359","796.81","148.8"
"2025000000","","2025年","04216","","富谷市","","51,651","19,443","18,401","78","0.15101","1,042","5.66274","94.69683","49.18","1,051.8"
"2025000000","","2025年","04301","","蔵王町","","11,418","3,774","3,924","-1,408","-12.33141","-150","-3.82263","95.27897","152.83","65.5"
"2025000000","","2025年","04302","","七ヶ宿町","","1,262","554","524","-124","-9.82567","30","5.72519","96.54577","263.09","4.3"
"2025000000","","2025年","04321","","大河原町","","23,571","9,880","9,524","-644","-2.73217","356","3.73793","96.91660","24.99","917.4"
"2025000000","","2025年","04322","","村田町","","10,666","3,645","3,770","-1,139","-10.67879","-125","-3.31565","100.02100","78.38","121.5"
"2025000000","","2025年","04323","","柴田町","","38,271","15,892","15,546","-1,516","-3.96122","346","2.22565","101.61821","54.03","680.3"
"2025000000","","2025年","04324","","川崎町","","8,345","2,873","2,967","-846","-10.13781","-94","-3.16818","98.28133","270.77","27.7"
"2025000000","","2025年","04341","","丸森町","","12,262","4,279","4,426","-1,251","-10.20225","-147","-3.32128","100.34571","273.30","40.3"
"2025000000","","2025年","04361","","亘理町","","33,087","12,632","12,181","-1,115","-3.36990","451","3.70249","96.38821","73.60","434.4"
"2025000000","","2025年","04362","","山元町","","12,046","4,460","4,541","-839","-6.96497","-81","-1.78375","97.20218","64.58","173.5"
"2025000000","","2025年","04401","","松島町","","13,323","5,065","5,017","-1,018","-7.64092","48","0.95675","93.41402","53.56","229.7"
"2025000000","","2025年","04404","","七ヶ浜町","","18,132","6,424","6,462","-1,341","-7.39576","-38","-0.58805","97.19319","13.19","1,273.0"
"2025000000","","2025年","04406","","利府町","","35,182","13,132","12,538","-352","-1.00051","594","4.73760","94.63537","44.89","775.9"
"2025000000","","2025年","04421","","大和町","","28,786","11,824","11,441","-511","-1.77517","383","3.34761","108.05740","225.49","125.4"
"2025000000","","2025年","04422","","大郷町","","7,813","2,556","2,483","-666","-8.52425","73","2.93999","98.96993","82.01","87.1"
"2025000000","","2025年","04424","","大衡村","","5,849","1,901","1,877","-423","-7.23201","24","1.27864","100.59150","60.32","90.0"
"2025000000","","2025年","04444","","色麻町","","6,698","1,955","1,965","-713","-10.64497","-10","-0.50891","93.94038","109.28","54.8"
"2025000000","","2025年","04445","","加美町","","21,943","7,582","7,641","-2,041","-9.30137","-59","-0.77215","97.93138","460.67","43.2"
"2025000000","","2025年","04501","","涌谷町","","15,388","5,355","5,452","-1,567","-10.18326","-97","-1.77916","96.65623","82.16","168.2"
"2025000000","","2025年","04505","","美里町","","23,994","8,528","8,565","-1,832","-7.63524","-37","-0.43199","94.79652","74.99","295.5"
"2025000000","","2025年","04581","","女川町","","6,430","3,129","3,166","-514","-7.99378","-37","-1.16867","106.20425","65.35","90.5"
"2025000000","","2025年","04606","","南三陸町","","12,225","4,041","4,282","-1,380","-11.28834","-241","-5.62821","95.15926","163.40","66.4"
"2025000000","","2025年","05000","","秋田県","","959,502","377,968","385,187","-77,402","-8.06689","-7,219","-1.87415","89.73483","11,637.69","75.8"
"2025000000","","2025年","05201","","秋田市","","307,672","136,415","136,952","-14,084","-4.57760","-537","-0.39211","89.09442","906.07","324.0"
"2025000000","","2025年","05202","","能代市","","49,968","20,745","21,191","-4,474","-8.95373","-446","-2.10467","86.35917","427.18","106.5"
"2025000000","","2025年","05203","","横手市","","85,555","30,662","31,109","-7,996","-9.34603","-447","-1.43688","90.19348","692.80","112.0"
"2025000000","","2025年","05204","","大館市","","69,237","27,361","28,044","-5,981","-8.63844","-683","-2.43546","89.45729","913.22","69.3"
"2025000000","","2025年","05206","","男鹿市","","25,154","9,662","10,492","-3,554","-14.12897","-830","-7.91079","89.92350","241.06","89.6"
"2025000000","","2025年","05207","","湯沢市","","42,091","15,203","15,685","-4,643","-11.03086","-482","-3.07300","93.12052","790.91","47.3"
"2025000000","","2025年","05209","","鹿角市","","29,088","10,502","10,978","-3,448","-11.85369","-476","-4.33594","90.41961","707.52","36.2"
"2025000000","","2025年","05210","","由利本荘市","","74,707","28,487","28,362","-5,495","-7.35540","125","0.44073","95.34857","1,209.59","57.2"
"2025000000","","2025年","05211","","潟上市","","31,720","12,464","12,287","-1,463","-4.61223","177","1.44055","89.20085","97.72","309.6"
"2025000000","","2025年","05212","","大仙市","","77,657","27,902","28,370","-6,565","-8.45384","-468","-1.64963","87.12360","866.77","82.0"
"2025000000","","2025年","05213","","北秋田市","","30,198","11,073","11,799","-3,739","-12.38161","-726","-6.15306","89.49366","1,152.76","23.0"
"2025000000","","2025年","05214","","にかほ市","","23,435","8,488","8,635","-2,254","-9.61809","-147","-1.70237","94.32110","241.11","87.8"
"2025000000","","2025年","05215","","仙北市","","24,610","8,784","9,252","-2,944","-11.96262","-468","-5.05837","85.51246","1,093.56","19.8"
"2025000000","","2025年","05303","","小坂町","","4,780","1,880","2,043","-567","-11.86192","-163","-7.97846","88.66995","201.70","20.9"
"2025000000","","2025年","05327","","上小阿仁村","","2,063","737","830","-358","-17.35337","-93","-11.20482","96.20253","256.72","6.6"
"2025000000","","2025年","05346","","藤里町","","2,896","1,062","1,126","-371","-12.81077","-64","-5.68384","92.60107","282.13","8.9"
"2025000000","","2025年","05348","","三種町","","15,254","5,273","5,740","-2,114","-13.85866","-467","-8.13589","85.14865","247.98","53.0"
"2025000000","","2025年","05349","","八峰町","","6,577","2,421","2,615","-942","-14.32264","-194","-7.41874","88.58768","234.14","24.1"
"2025000000","","2025年","05361","","五城目町","","8,538","3,073","3,351","-1,283","-15.02694","-278","-8.29603","88.93229","214.92","33.8"
"2025000000","","2025年","05363","","八郎潟町","","5,583","2,046","2,144","-629","-11.26634","-98","-4.57090","82.73700","17.00","291.4"
"2025000000","","2025年","05366","","井川町","","4,566","1,475","1,528","-553","-12.11126","-53","-3.46859","87.17351","47.95","83.7"
"2025000000","","2025年","05368","","大潟村","","3,011","879","839","-186","-6.17735","40","4.76758","96.59012","170.11","16.6"
"2025000000","","2025年","05434","","美郷町","","18,613","5,914","5,999","-1,803","-9.68678","-85","-1.41690","89.38711","168.34","99.9"
"2025000000","","2025年","05463","","羽後町","","13,825","4,448","4,658","-1,545","-11.17541","-210","-4.50837","94.15020","230.78","53.2"
"2025000000","","2025年","05464","","東成瀬村","","2,704","1,012","1,158","-411","-15.19970","-146","-12.60794","116.93472","203.69","11.3"
"2025000000","","2025年","06000","","山形県","","1,068,027","398,213","398,015","-74,900","-7.01293","198","0.04975","94.33792","9,323.15","106.5"
"2025000000","","2025年","06201","","山形市","","247,590","102,903","102,318","-11,905","-4.80835","585","0.57175","92.39906","381.30","618.1"
"2025000000","","2025年","06202","","米沢市","","81,252","33,425","33,095","-5,138","-6.32354","330","0.99713","98.84010","548.51","138.8"
"2025000000","","2025年","06203","","鶴岡市","","122,347","45,067","45,666","-9,198","-7.51796","-599","-1.31170","93.33778","1,311.51","86.3"
"2025000000","","2025年","06204","","酒田市","","100,273","38,932","39,402","-8,151","-8.12881","-470","-1.19283","92.82470","602.98","152.8"
"2025000000","","2025年","06205","","新庄市","","34,432","12,826","12,857","-2,779","-8.07098","-31","-0.24111","92.15079","222.85","142.0"
"2025000000","","2025年","06206","","寒河江市","","40,189","14,005","13,654","-2,013","-5.00883","351","2.57068","94.79539","139.03","274.6"
"2025000000","","2025年","06207","","上山市","","29,110","10,476","10,537","-2,357","-8.09687","-61","-0.57891","92.08070","240.93","111.0"
"2025000000","","2025年","06208","","村山市","","22,516","7,396","7,579","-2,304","-10.23272","-183","-2.41457","96.08071","196.98","102.6"
"2025000000","","2025年","06209","","長井市","","26,543","9,611","9,486","-1,963","-7.39555","125","1.31773","97.27127","214.67","114.5"
"2025000000","","2025年","06210","","天童市","","62,140","23,244","22,589","-2,367","-3.80914","655","2.89964","94.71935","113.02","528.9"
"2025000000","","2025年","06211","","東根市","","47,682","17,874","16,573","-277","-0.58093","1,301","7.85012","97.55376","206.94","229.1"
"2025000000","","2025年","06212","","尾花沢市","","14,971","4,601","4,883","-2,175","-14.52809","-282","-5.77514","97.01309","372.53","34.3"
"2025000000","","2025年","06213","","南陽市","","30,420","10,805","10,760","-2,354","-7.73833","45","0.41822","92.74775","160.52","174.8"
"2025000000","","2025年","06301","","山辺町","","13,725","4,582","4,551","-837","-6.09836","31","0.68117","94.47714","61.45","209.7"
"2025000000","","2025年","06302","","中山町","","10,746","3,567","3,515","-729","-6.78392","52","1.47937","96.25784","31.15","321.6"
"2025000000","","2025年","06321","","河北町","","17,641","5,985","5,929","-1,449","-8.21382","56","0.94451","94.49850","52.45","308.7"
"2025000000","","2025年","06322","","西川町","","4,956","1,611","1,686","-705","-14.22518","-75","-4.44840","94.82126","393.19","10.8"
"2025000000","","2025年","06323","","朝日町","","6,366","2,020","2,150","-913","-14.34182","-130","-6.04651","99.30556","196.81","27.7"
"2025000000","","2025年","06324","","大江町","","7,646","2,458","2,543","-951","-12.43788","-85","-3.34251","100.26922","154.08","43.5"
"2025000000","","2025年","06341","","大石田町","","6,577","1,940","2,086","-1,014","-15.41736","-146","-6.99904","99.24785","79.54","69.9"
"2025000000","","2025年","06361","","金山町","","5,071","1,508","1,572","-663","-13.07434","-64","-4.07125","96.52251","161.67","27.3"
"2025000000","","2025年","06362","","最上町","","8,080","2,459","2,596","-1,096","-13.56436","-137","-5.27735","95.57547","330.37","21.1"
"2025000000","","2025年","06363","","舟形町","","5,007","1,561","1,580","-527","-10.52526","-19","-1.20253","95.46248","119.03","37.6"
"2025000000","","2025年","06364","","真室川町","","7,203","2,164","2,320","-1,068","-14.82716","-156","-6.72414","92.13905","374.22","16.4"
"2025000000","","2025年","06365","","大蔵村","","3,028","881","945","-456","-15.05945","-64","-6.77249","96.63609","211.64","12.2"
"2025000000","","2025年","06366","","鮭川村","","3,902","1,140","1,193","-485","-12.42952","-53","-4.44258","94.92299","122.14","28.0"
"2025000000","","2025年","06367","","戸沢村","","4,199","1,217","1,359","-645","-15.36080","-142","-10.44886","90.05348","261.31","13.6"
"2025000000","","2025年","06381","","高畠町","","22,463","7,319","7,358","-2,046","-9.10831","-39","-0.53004","96.88525","180.26","113.3"
"2025000000","","2025年","06382","","川西町","","14,558","4,347","4,495","-1,605","-11.02487","-148","-3.29255","96.10901","166.60","77.7"
"2025000000","","2025年","06401","","小国町","","7,107","2,646","2,810","-969","-13.63444","-164","-5.83630","103.92027","737.56","8.3"
"2025000000","","2025年","06402","","白鷹町","","12,890","4,315","4,389","-1,260","-9.77502","-74","-1.68603","97.89008","157.71","73.7"
"2025000000","","2025年","06403","","飯豊町","","6,613","2,050","2,125","-742","-11.22032","-75","-3.52941","96.48594","329.41","17.8"
"2025000000","","2025年","06426","","三川町","","7,601","2,379","2,332","-454","-5.97290","47","2.01544","95.32659","33.22","215.1"
"2025000000","","2025年","06428","","庄内町","","20,151","6,633","6,650","-1,795","-8.90775","-17","-0.25564","92.12895","249.17","73.7"
"2025000000","","2025年","06461","","遊佐町","","13,032","4,266","4,432","-1,510","-11.58686","-166","-3.74549","90.85639","208.39","55.3"
"2025000000","","2025年","07000","","福島県","","1,833,152","734,134","742,911","-121,215","-6.61238","-8,777","-1.18143","96.66609","13,784.41","124.2"
"2025000000","","2025年","07201","","福島市","","282,693","120,250","121,919","-16,890","-5.97468","-1,669","-1.36894","94.38427","767.72","346.2"
"2025000000","","2025年","07202","","会津若松市","","117,376","48,210","49,022","-8,361","-7.12326","-812","-1.65640","92.30023","382.97","284.7"
"2025000000","","2025年","07203","","郡山市","","327,692","141,442","140,441","-14,567","-4.44533","1,001","0.71275","97.12737","757.20","413.5"
"2025000000","","2025年","07204","","いわき市","","332,931","136,489","141,411","-26,436","-7.94038","-4,922","-3.48063","95.23840","1,232.51","248.7"
"2025000000","","2025年","07205","","白河市","","59,491","23,604","23,763","-4,103","-6.89684","-159","-0.66911","99.68275","305.16","181.5"
"2025000000","","2025年","07207","","須賀川市","","74,992","27,415","27,127","-3,870","-5.16055","288","1.06167","96.14451","279.43","254.5"
"2025000000","","2025年","07208","","喜多方市","","44,760","15,991","16,049","-3,021","-6.74933","-58","-0.36139","92.95918","554.63","75.3"
"2025000000","","2025年","07209","","相馬市","","34,865","13,312","13,875","-2,982","-8.55299","-563","-4.05766","100.83780","197.79","161.2"
"2025000000","","2025年","07210","","二本松市","","53,557","19,350","19,384","-4,266","-7.96535","-34","-0.17540","96.61348","344.42","143.1"
"2025000000","","2025年","07211","","田村市","","35,169","11,930","12,159","-3,333","-9.47710","-229","-1.88338","98.46643","458.33","69.5"
"2025000000","","2025年","07212","","南相馬市","","59,005","24,508","26,349","-4,877","-8.26540","-1,841","-6.98698","100.93548","398.58","135.8"
"2025000000","","2025年","07213","","伊達市","","58,240","21,028","21,158","-4,106","-7.05014","-130","-0.61442","94.99316","265.12","204.2"
"2025000000","","2025年","07214","","本宮市","","30,236","11,318","10,571","-595","-1.96785","747","7.06650","96.95017","88.02","336.8"
"2025000000","","2025年","07301","","桑折町","","11,459","4,097","4,194","-754","-6.57998","-97","-2.31283","94.60098","42.97","249.1"
"2025000000","","2025年","07303","","国見町","","8,639","2,986","3,123","-933","-10.79986","-137","-4.38681","91.35833","37.95","203.1"
"2025000000","","2025年","07308","","川俣町","","12,170","4,495","4,780","-1,323","-10.87099","-285","-5.96234","97.86574","127.70","84.9"
"2025000000","","2025年","07322","","大玉村","","8,900","3,118","2,874","42","0.47191","244","8.48991","98.18262","79.44","112.6"
"2025000000","","2025年","07342","","鏡石町","","12,318","4,546","4,382","-301","-2.44358","164","3.74258","96.74198","31.30","383.9"
"2025000000","","2025年","07344","","天栄村","","5,194","1,687","1,671","-371","-7.14286","16","0.95751","101.20985","225.52","21.4"
"2025000000","","2025年","07362","","下郷町","","5,264","1,813","1,953","-800","-15.19757","-140","-7.16846","98.93048","317.04","14.1"
"2025000000","","2025年","07364","","檜枝岐村","","504","217","228","-29","-5.75397","-11","-4.82456","102.12766","390.46","1.2"
"2025000000","","2025年","07367","","只見町","","4,044","1,525","1,634","-577","-14.26805","-109","-6.67075","100.05770","747.56","4.6"
"2025000000","","2025年","07368","","南会津町","","14,451","5,546","5,894","-1,848","-12.78804","-348","-5.90431","97.91143","886.47","14.2"
"2025000000","","2025年","07402","","北塩原村","","2,556","939","1,003","-372","-14.55399","-64","-6.38086","102.03515","234.08","9.3"
"2025000000","","2025年","07405","","西会津町","","5,770","2,194","2,352","-707","-12.25303","-158","-6.71769","96.46876","298.18","17.0"
"2025000000","","2025年","07407","","磐梯町","","3,322","1,117","1,079","-289","-8.69958","38","3.52178","96.56513","59.77","50.7"
"2025000000","","2025年","07408","","猪苗代町","","13,552","4,490","4,718","-1,588","-11.71783","-228","-4.83256","96.09900","394.85","30.3"
"2025000000","","2025年","07421","","会津坂下町","","15,068","5,169","5,306","-1,490","-9.88851","-137","-2.58198","93.77765","91.59","148.2"
"2025000000","","2025年","07422","","湯川村","","3,081","954","976","-247","-8.01688","-22","-2.25410","92.92035","16.37","173.1"
"2025000000","","2025年","07423","","柳津町","","3,081","1,040","1,127","-470","-15.25479","-87","-7.71961","100.53763","175.82","14.9"
"2025000000","","2025年","07444","","三島町","","1,452","584","644","-235","-16.18457","-60","-9.31677","102.83333","90.81","13.4"
"2025000000","","2025年","07445","","金山町","","1,862","794","878","-228","-12.24490","-84","-9.56720","96.39423","293.92","5.6"
"2025000000","","2025年","07446","","昭和村","","1,246","543","626","-179","-14.36597","-83","-13.25879","97.22736","209.46","5.1"
"2025000000","","2025年","07447","","会津美里町","","19,014","6,344","6,465","-1,722","-9.05648","-121","-1.87162","92.49694","276.33","62.6"
"2025000000","","2025年","07461","","西郷村","","20,808","8,455","8,092","51","0.24510","363","4.48591","104.11978","192.06","108.6"
"2025000000","","2025年","07464","","泉崎村","","6,213","2,191","2,089","-388","-6.24497","102","4.88272","98.66985","35.43","164.4"
"2025000000","","2025年","07465","","中島村","","4,885","1,538","1,520","-381","-7.79939","18","1.18421","96.68122","18.92","238.1"
"2025000000","","2025年","07466","","矢吹町","","17,287","6,321","6,102","-819","-4.73766","219","3.58899","97.55278","60.40","272.6"
"2025000000","","2025年","07481","","棚倉町","","13,343","4,554","4,728","-1,362","-10.20760","-174","-3.68020","97.38056","160.07","74.8"
"2025000000","","2025年","07482","","矢祭町","","5,392","1,781","1,867","-651","-12.07344","-86","-4.60632","95.74732","118.27","40.1"
"2025000000","","2025年","07483","","塙町","","8,302","2,886","2,935","-886","-10.67213","-49","-1.66951","97.28651","211.41","35.1"
"2025000000","","2025年","07484","","鮫川村","","3,049","958","1,006","-421","-13.80781","-48","-4.77137","103.24826","131.34","20.0"
"2025000000","","2025年","07501","","石川町","","14,644","5,183","5,214","-1,391","-9.49877","-31","-0.59455","101.62787","115.71","114.5"
"2025000000","","2025年","07502","","玉川村","","6,392","1,928","1,980","-690","-10.79474","-52","-2.62626","99.16172","46.67","122.2"
"2025000000","","2025年","07503","","平田村","","5,826","1,882","1,953","-625","-10.72777","-71","-3.63543","100.81081","93.42","55.7"
"2025000000","","2025年","07504","","浅川町","","6,036","2,010","2,070","-613","-10.15573","-60","-2.89855","99.88942","37.45","144.8"
"2025000000","","2025年","07505","","古殿町","","4,825","1,532","1,610","-681","-14.11399","-78","-4.84472","99.51854","163.29","25.4"
"2025000000","","2025年","07521","","三春町","","17,018","6,041","5,977","-1,200","-7.05136","64","1.07077","97.45350","72.76","217.4"
"2025000000","","2025年","07522","","小野町","","9,471","3,250","3,398","-1,137","-12.00507","-148","-4.35550","98.52311","125.18","66.6"
"2025000000","","2025年","07541","","広野町","","5,412","2,394","2,899","-629","-11.62232","-505","-17.41980","139.15000","58.69","81.5"
"2025000000","","2025年","07542","","楢葉町","","3,710","2,589","1,977","833","22.45283","612","30.95599","146.90217","103.64","43.8"
"2025000000","","2025年","07543","","富岡町","","2,128","1,959","1,640","762","35.80827","319","19.45122","183.61138","68.39","42.3"
"2025000000","","2025年","07544","","川内村","","2,044","784","934","-339","-16.58513","-150","-16.05996","100.11737","197.35","8.6"
"2025000000","","2025年","07545","","大熊町","","847","1,243","800","687","81.10980","443","55.37500","293.33333","78.73","19.5"
"2025000000","","2025年","07546","","双葉町","","-","160","-","211","-","160","-","181.33333","51.42","4.1"
"2025000000","","2025年","07547","","浪江町","","1,923","1,718","1,405","650","33.80135","313","22.27758","140.91760","223.14","11.5"
"2025000000","","2025年","07548","","葛尾村","","420","240","205","-1","-0.23810","35","17.07317","127.71739","84.37","5.0"
"2025000000","","2025年","07561","","新地町","","7,905","2,800","2,748","-422","-5.33839","52","1.89229","99.17487","46.70","160.2"
"2025000000","","2025年","07564","","飯舘村","","1,318","692","627","55","4.17299","65","10.36683","101.91176","230.13","6.0"
"2025000000","","2025年","08000","","茨城県","","2,867,009","1,221,422","1,184,133","-75,802","-2.64394","37,289","3.14906","100.07835","6,098.32","457.7"
"2025000000","","2025年","08201","","水戸市","","270,685","126,498","122,598","-4,912","-1.81466","3,900","3.18113","96.17573","217.32","1,223.0"
"2025000000","","2025年","08202","","日立市","","174,508","74,122","77,911","-15,745","-9.02251","-3,789","-4.86324","99.30578","225.73","703.3"
"2025000000","","2025年","08203","","土浦市","","142,074","65,731","63,093","-486","-0.34208","2,638","4.18113","100.08479","122.89","1,152.2"
"2025000000","","2025年","08204","","古河市","","139,344","58,294","56,149","-3,036","-2.17878","2,145","3.82019","100.89017","123.58","1,103.0"
"2025000000","","2025年","08205","","石岡市","","73,061","28,053","28,344","-5,645","-7.72642","-291","-1.02667","98.29985","215.53","312.8"
"2025000000","","2025年","08207","","結城市","","50,645","19,543","19,328","-2,472","-4.88103","215","1.11238","101.84782","65.76","732.6"
"2025000000","","2025年","08208","","龍ケ崎市","","76,420","33,393","32,158","-2,489","-3.25700","1,235","3.84041","97.43364","78.59","940.7"
"2025000000","","2025年","08210","","下妻市","","42,521","16,811","16,407","-1,736","-4.08269","404","2.46236","102.79946","80.88","504.3"
"2025000000","","2025年","08211","","常総市","","60,834","22,717","22,289","-2,851","-4.68652","428","1.92023","101.46977","123.64","469.0"
"2025000000","","2025年","08212","","常陸太田市","","48,602","18,513","19,243","-4,789","-9.85350","-730","-3.79359","95.80354","371.99","117.8"
"2025000000","","2025年","08214","","高萩市","","27,699","11,068","11,608","-2,671","-9.64295","-540","-4.65196","99.09315","193.55","129.3"
"2025000000","","2025年","08215","","北茨城市","","41,801","16,749","17,042","-3,365","-8.05005","-293","-1.71928","99.72979","186.79","205.8"
"2025000000","","2025年","08216","","笠間市","","73,173","30,356","28,918","-1,663","-2.27270","1,438","4.97268","97.22544","240.40","297.5"
"2025000000","","2025年","08217","","取手市","","104,524","47,565","45,447","-1,063","-1.01699","2,118","4.66037","95.75978","69.94","1,479.3"
"2025000000","","2025年","08219","","牛久市","","84,651","36,082","35,195","-2,127","-2.51267","887","2.52024","96.44362","58.92","1,400.6"
"2025000000","","2025年","08220","","つくば市","","241,656","125,091","110,490","27,335","11.31153","14,601","13.21477","102.50314","283.72","948.1"
"2025000000","","2025年","08221","","ひたちなか市","","156,581","67,416","66,754","-4,860","-3.10382","662","0.99170","102.92780","101.02","1,501.9"
"2025000000","","2025年","08222","","鹿嶋市","","66,950","28,188","28,318","-2,953","-4.41075","-130","-0.45907","104.07207","106.04","603.5"
"2025000000","","2025年","08223","","潮来市","","27,604","10,614","10,774","-2,463","-8.92262","-160","-1.48506","98.91605","71.40","352.1"
"2025000000","","2025年","08224","","守谷市","","68,421","29,042","27,385","1,771","2.58839","1,657","6.05076","98.60789","35.71","1,965.6"
"2025000000","","2025年","08225","","常陸大宮市","","39,267","15,149","15,643","-3,532","-8.99483","-494","-3.15796","98.74861","348.45","102.6"
"2025000000","","2025年","08226","","那珂市","","53,502","21,260","20,931","-1,971","-3.68397","329","1.57183","94.75793","97.82","526.8"
"2025000000","","2025年","08227","","筑西市","","100,753","37,526","37,491","-5,915","-5.87079","35","0.09336","98.50968","205.30","461.9"
"2025000000","","2025年","08228","","坂東市","","52,265","20,271","18,452","-921","-1.76217","1,819","9.85801","107.80314","123.03","417.3"
"2025000000","","2025年","08229","","稲敷市","","39,039","14,127","14,552","-3,649","-9.34706","-425","-2.92056","101.19386","205.81","172.0"
"2025000000","","2025年","08230","","かすみがうら市","","40,087","15,940","15,271","-1,674","-4.17592","669","4.38085","103.00708","156.60","245.3"
"2025000000","","2025年","08231","","桜川市","","39,122","13,146","13,453","-3,915","-10.00716","-307","-2.28202","98.59544","180.06","195.5"
"2025000000","","2025年","08232","","神栖市","","95,454","43,794","40,487","-2,168","-2.27125","3,307","8.16805","106.56776","146.97","634.7"
"2025000000","","2025年","08233","","行方市","","32,185","11,184","11,144","-2,968","-9.22169","40","0.35894","101.51045","222.48","131.3"
"2025000000","","2025年","08234","","鉾田市","","45,953","19,059","17,919","-2,567","-5.58614","1,140","6.36196","105.83547","207.60","209.0"
"2025000000","","2025年","08235","","つくばみらい市","","49,872","21,268","19,971","2,198","4.40728","1,297","6.49442","100.74794","79.16","657.8"
"2025000000","","2025年","08236","","小美玉市","","48,870","19,371","18,407","-2,116","-4.32985","964","5.23714","99.64984","144.74","323.0"
"2025000000","","2025年","08302","","茨城町","","31,401","11,763","11,758","-1,963","-6.25139","5","0.04252","98.12895","121.58","242.1"
"2025000000","","2025年","08309","","大洗町","","15,715","6,510","6,596","-1,259","-8.01145","-86","-1.30382","97.35154","23.89","605.1"
"2025000000","","2025年","08310","","城里町","","18,097","6,754","6,913","-1,734","-9.58170","-159","-2.30001","97.57305","161.80","101.1"
"2025000000","","2025年","08341","","東海村","","37,891","16,333","15,429","-85","-0.22433","904","5.85910","103.88287","38.01","994.6"
"2025000000","","2025年","08364","","大子町","","15,736","5,954","6,356","-2,030","-12.90036","-402","-6.32473","97.94916","325.76","42.1"
"2025000000","","2025年","08442","","美浦村","","14,602","5,883","5,864","-1,060","-7.25928","19","0.32401","105.52436","66.61","203.3"
"2025000000","","2025年","08443","","阿見町","","48,553","21,517","20,225","1,136","2.33971","1,292","6.38813","99.49813","71.40","695.9"
"2025000000","","2025年","08447","","河内町","","8,231","2,743","2,895","-1,075","-13.06038","-152","-5.25043","96.75557","44.30","161.5"
"2025000000","","2025年","08521","","八千代町","","21,026","7,587","7,017","-976","-4.64187","570","8.12313","110.38825","58.99","339.9"
"2025000000","","2025年","08542","","五霞町","","8,093","2,964","2,928","-591","-7.30261","36","1.22951","104.52563","23.11","324.6"
"2025000000","","2025年","08546","","境町","","24,201","9,324","8,722","-275","-1.13632","602","6.90209","103.38320","46.59","513.5"
"2025000000","","2025年","08564","","利根町","","15,340","6,149","6,258","-472","-3.07692","-109","-1.74177","96.27723","24.86","598.1"
"2025000000","","2025年","09000","","栃木県","","1,933,146","815,857","796,923","-68,313","-3.53377","18,934","2.37589","99.73684","6,408.09","291.0"
"2025000000","","2025年","09201","","宇都宮市","","518,757","240,640","230,841","-7,024","-1.35401","9,799","4.24491","100.20618","416.85","1,227.6"
"2025000000","","2025年","09202","","足利市","","144,746","60,671","61,617","-8,867","-6.12590","-946","-1.53529","97.72846","177.76","764.4"
"2025000000","","2025年","09203","","栃木市","","155,549","61,761","60,918","-7,237","-4.65255","843","1.38383","99.18078","331.50","447.4"
"2025000000","","2025年","09204","","佐野市","","116,228","47,728","48,121","-6,414","-5.51846","-393","-0.81669","98.17014","356.04","308.4"
"2025000000","","2025年","09205","","鹿沼市","","94,033","36,967","36,098","-4,673","-4.96953","869","2.40734","98.55572","490.64","182.1"
"2025000000","","2025年","09206","","日光市","","77,661","31,910","32,308","-5,987","-7.70915","-398","-1.23189","94.31221","1,449.83","49.4"
"2025000000","","2025年","09208","","小山市","","166,666","72,831","69,624","-1,138","-0.68280","3,207","4.60617","102.17901","171.75","963.8"
"2025000000","","2025年","09209","","真岡市","","78,190","30,889","29,425","-2,368","-3.02852","1,464","4.97536","102.42411","167.34","453.1"
"2025000000","","2025年","09210","","大田原市","","72,087","30,120","29,792","-3,649","-5.06194","328","1.10097","96.87024","354.36","193.1"
"2025000000","","2025年","09211","","矢板市","","31,165","11,992","12,012","-2,288","-7.34157","-20","-0.16650","99.73025","170.46","169.4"
"2025000000","","2025年","09213","","那須塩原市","","115,210","49,307","47,454","-2,648","-2.29841","1,853","3.90483","98.54656","592.74","189.9"
"2025000000","","2025年","09214","","さくら市","","44,513","17,399","16,370","-321","-0.72114","1,029","6.28589","106.84297","125.63","351.8"
"2025000000","","2025年","09215","","那須烏山市","","24,875","8,764","9,186","-2,711","-10.89849","-422","-4.59395","98.88729","174.35","127.1"
"2025000000","","2025年","09216","","下野市","","59,507","24,182","23,497","-512","-0.86040","685","2.91527","97.20876","74.59","790.9"
"2025000000","","2025年","09301","","上三川町","","30,806","11,707","11,544","-1,057","-3.43115","163","1.41199","106.03227","54.39","547.0"
"2025000000","","2025年","09342","","益子町","","21,898","7,878","7,813","-1,774","-8.10120","65","0.83195","98.69668","89.40","225.1"
"2025000000","","2025年","09343","","茂木町","","11,891","4,241","4,458","-1,360","-11.43722","-217","-4.86765","98.92331","172.69","61.0"
"2025000000","","2025年","09344","","市貝町","","11,262","4,068","4,260","-745","-6.61517","-192","-4.50704","102.63969","64.25","163.7"
"2025000000","","2025年","09345","","芳賀町","","14,961","5,684","5,230","-152","-1.01597","454","8.68069","104.37483","70.16","211.1"
"2025000000","","2025年","09361","","壬生町","","39,474","16,076","15,894","-1,427","-3.61504","182","1.14509","96.70665","61.06","623.1"
"2025000000","","2025年","09364","","野木町","","24,913","10,280","9,841","-379","-1.52129","439","4.46093","98.72023","30.27","810.5"
"2025000000","","2025年","09384","","塩谷町","","10,354","3,525","3,623","-1,243","-12.00502","-98","-2.70494","100.55030","176.06","51.7"
"2025000000","","2025年","09386","","高根沢町","","29,229","12,538","12,205","-749","-2.56252","333","2.72839","110.90047","70.87","401.9"
"2025000000","","2025年","09407","","那須町","","23,956","9,332","9,110","-1,745","-7.28419","222","2.43688","97.85320","372.34","59.7"
"2025000000","","2025年","09411","","那珂川町","","15,215","5,367","5,682","-1,845","-12.12619","-315","-5.54382","101.62871","192.78","69.4"
"2025000000","","2025年","10000","","群馬県","","1,939,110","816,104","805,252","-71,528","-3.68870","10,852","1.34765","97.71351","6,362.28","293.5"
"2025000000","","2025年","10201","","前橋市","","332,149","145,003","141,882","-7,595","-2.28662","3,121","2.19972","95.37087","311.59","1,041.6"
"2025000000","","2025年","10202","","高崎市","","372,973","163,628","160,981","-9,172","-2.45916","2,647","1.64429","95.66663","459.16","792.3"
"2025000000","","2025年","10203","","桐生市","","106,445","43,327","44,971","-9,222","-8.66363","-1,644","-3.65569","93.19794","274.45","354.2"
"2025000000","","2025年","10204","","伊勢崎市","","211,850","89,391","86,200","-3,587","-1.69318","3,191","3.70186","100.08358","139.44","1,493.6"
"2025000000","","2025年","10205","","太田市","","223,014","95,441","92,531","-3,575","-1.60304","2,910","3.14489","104.58224","175.54","1,250.1"
"2025000000","","2025年","10206","","沼田市","","45,337","18,398","18,853","-4,050","-8.93310","-455","-2.41341","95.10893","443.46","93.1"
"2025000000","","2025年","10207","","館林市","","75,309","32,448","31,643","-2,474","-3.28513","805","2.54401","99.87102","60.97","1,194.6"
"2025000000","","2025年","10208","","渋川市","","74,581","29,158","29,114","-4,256","-5.70655","44","0.15113","94.90868","240.27","292.7"
"2025000000","","2025年","10209","","藤岡市","","63,261","25,155","25,362","-3,876","-6.12700","-207","-0.81618","94.48174","180.29","329.4"
"2025000000","","2025年","10210","","富岡市","","47,446","18,111","18,514","-3,657","-7.70771","-403","-2.17673","97.02587","122.85","356.4"
"2025000000","","2025年","10211","","安中市","","54,907","21,682","22,093","-4,203","-7.65476","-411","-1.86032","96.36730","276.31","183.5"
"2025000000","","2025年","10212","","みどり市","","49,648","19,362","19,443","-1,450","-2.92056","-81","-0.41660","94.09633","208.42","231.3"
"2025000000","","2025年","10344","","榛東村","","14,216","5,453","5,116","-142","-0.99887","337","6.58718","103.67583","27.92","504.1"
"2025000000","","2025年","10345","","吉岡町","","21,792","8,694","7,863","1,108","5.08443","831","10.56849","96.31376","20.46","1,119.3"
"2025000000","","2025年","10366","","上野村","","1,128","476","552","-156","-13.82979","-76","-13.76812","100.82645","181.85","5.3"
"2025000000","","2025年","10367","","神流町","","1,645","688","827","-347","-21.09422","-139","-16.80774","92.58160","114.60","11.3"
"2025000000","","2025年","10382","","下仁田町","","6,576","2,487","2,808","-1,116","-16.97080","-321","-11.43162","96.54428","188.38","29.0"
"2025000000","","2025年","10383","","南牧村","","1,611","656","801","-338","-20.98076","-145","-18.10237","90.28401","118.83","10.7"
"2025000000","","2025年","10384","","甘楽町","","12,491","4,688","4,660","-693","-5.54799","28","0.60086","98.15250","58.61","201.3"
"2025000000","","2025年","10421","","中之条町","","15,386","6,129","6,352","-1,497","-9.72962","-223","-3.51071","94.22458","439.28","31.6"
"2025000000","","2025年","10424","","長野原町","","5,095","2,355","2,191","-251","-4.92640","164","7.48517","100.74596","133.85","36.2"
"2025000000","","2025年","10425","","嬬恋村","","8,850","3,481","3,532","-662","-7.48023","-51","-1.44394","106.50694","337.58","24.3"
"2025000000","","2025年","10426","","草津町","","6,049","3,242","3,229","-301","-4.97603","13","0.40260","104.33701","49.75","115.5"
"2025000000","","2025年","10428","","高山村","","3,511","1,152","1,165","-414","-11.79151","-13","-1.11588","97.89137","64.18","48.3"
"2025000000","","2025年","10429","","東吾妻町","","12,728","4,837","5,144","-1,472","-11.56505","-307","-5.96812","97.40442","253.91","44.3"
"2025000000","","2025年","10443","","片品村","","3,993","1,595","1,574","-439","-10.99424","21","1.33418","100.67758","391.76","9.1"
"2025000000","","2025年","10444","","川場村","","3,480","974","997","-343","-9.85632","-23","-2.30692","84.09624","85.25","36.8"
"2025000000","","2025年","10448","","昭和村","","6,953","2,861","2,601","-266","-3.82569","260","9.99616","101.84123","64.14","104.3"
"2025000000","","2025年","10449","","みなかみ町","","17,195","6,878","6,959","-1,448","-8.42105","-81","-1.16396","96.32215","781.08","20.2"
"2025000000","","2025年","10464","","玉村町","","36,054","15,179","14,932","-1,218","-3.37827","247","1.65417","96.34765","25.78","1,351.3"
"2025000000","","2025年","10521","","板倉町","","14,083","5,235","5,428","-1,406","-9.98367","-193","-3.55564","101.03076","41.86","302.8"
"2025000000","","2025年","10522","","明和町","","10,882","4,215","4,089","-572","-5.25639","126","3.08144","98.72783","19.64","524.9"
"2025000000","","2025年","10523","","千代田町","","10,861","4,208","4,074","-525","-4.83381","134","3.28915","101.56006","21.73","475.7"
"2025000000","","2025年","10524","","大泉町","","42,089","19,612","19,043","-659","-1.56573","569","2.98797","109.97415","18.03","2,297.8"
"2025000000","","2025年","10525","","邑楽町","","25,522","9,905","9,728","-1,254","-4.91341","177","1.81949","100.18147","31.11","780.1"
"2025000000","","2025年","11000","","埼玉県","","7,344,765","3,285,878","3,162,743","-57,596","-0.78418","123,135","3.89330","98.02030","3,797.75","1,918.8"
"2025000000","","2025年","11100","","さいたま市","","1,324,025","617,175","582,475","20,991","1.58539","34,700","5.95734","96.42496","217.43","6,186.0"
"2025000000","","2025年","11101","","さいたま市西区","","93,499","41,006","38,197","599","0.64065","2,809","7.35398","94.21672","29.12","3,231.4"
"2025000000","","2025年","11102","","さいたま市北区","","149,242","69,720","66,563","-1,774","-1.18867","3,157","4.74288","94.34882","16.86","8,746.6"
"2025000000","","2025年","11103","","さいたま市大宮区","","117,784","64,809","55,188","7,526","6.38966","9,621","17.43314","98.14051","12.80","9,789.8"
"2025000000","","2025年","11104","","さいたま市見沼区","","165,049","73,604","70,603","1,949","1.18086","3,001","4.25053","95.29874","30.69","5,441.4"
"2025000000","","2025年","11105","","さいたま市中央区","","103,269","49,382","47,770","547","0.52968","1,612","3.37450","96.74418","8.39","12,373.8"
"2025000000","","2025年","11106","","さいたま市桜区","","98,661","48,360","46,374","253","0.25643","1,986","4.28257","100.66134","18.64","5,306.5"
"2025000000","","2025年","11107","","さいたま市浦和区","","164,822","77,855","74,499","4,636","2.81273","3,356","4.50476","93.48054","11.51","14,722.7"
"2025000000","","2025年","11108","","さいたま市南区","","191,563","90,054","86,081","4,548","2.37415","3,973","4.61542","98.18400","13.82","14,190.4"
"2025000000","","2025年","11109","","さいたま市緑区","","128,321","54,658","50,836","4,008","3.12342","3,822","7.51829","96.79516","26.44","5,004.9"
"2025000000","","2025年","11110","","さいたま市岩槻区","","111,815","47,727","46,364","-1,301","-1.16353","1,363","2.93978","97.95798","49.17","2,247.6"
"2025000000","","2025年","11201","","川越市","","354,571","158,004","153,376","222","0.06261","4,628","3.01742","98.36020","109.13","3,251.1"
"2025000000","","2025年","11202","","熊谷市","","194,415","81,910","80,153","-6,153","-3.16488","1,757","2.19206","99.76868","159.82","1,178.0"
"2025000000","","2025年","11203","","川口市","","594,274","276,198","267,141","-2,267","-0.38147","9,057","3.39034","101.00126","61.95","9,556.2"
"2025000000","","2025年","11206","","行田市","","78,617","32,873","31,876","-2,438","-3.10111","997","3.12775","96.80936","67.49","1,128.7"
"2025000000","","2025年","11207","","秩父市","","59,674","23,362","23,922","-5,028","-8.42578","-560","-2.34094","95.24099","577.83","94.6"
"2025000000","","2025年","11208","","所沢市","","342,464","159,514","152,652","111","0.03241","6,862","4.49519","95.48458","72.11","4,750.7"
"2025000000","","2025年","11209","","飯能市","","80,361","33,831","33,563","-2,692","-3.34988","268","0.79850","100.11079","193.05","402.3"
"2025000000","","2025年","11210","","加須市","","111,623","46,130","44,295","-1,990","-1.78279","1,835","4.14268","100.89975","133.30","822.5"
"2025000000","","2025年","11211","","本庄市","","78,569","33,711","33,033","-2,177","-2.77081","678","2.05249","99.82213","89.69","851.7"
"2025000000","","2025年","11212","","東松山市","","91,791","41,546","39,797","-176","-0.19174","1,749","4.39480","100.59775","65.35","1,401.9"
"2025000000","","2025年","11214","","春日部市","","229,792","99,951","97,638","-6,975","-3.03535","2,313","2.36895","96.11583","66.00","3,376.0"
"2025000000","","2025年","11215","","狭山市","","148,699","65,344","63,776","-5,948","-4.00003","1,568","2.45861","97.62574","48.99","2,913.9"
"2025000000","","2025年","11216","","羽生市","","52,862","21,730","21,159","-624","-1.18043","571","2.69862","99.35885","58.64","890.8"
"2025000000","","2025年","11217","","鴻巣市","","116,828","49,302","47,499","-1,280","-1.09563","1,803","3.79587","96.82486","67.44","1,713.3"
"2025000000","","2025年","11218","","深谷市","","141,268","57,473","55,854","-2,775","-1.96435","1,619","2.89863","98.77000","138.37","1,000.9"
"2025000000","","2025年","11219","","上尾市","","226,940","98,213","96,559","-2,140","-0.94298","1,654","1.71294","96.38676","45.51","4,939.6"
"2025000000","","2025年","11221","","草加市","","248,304","119,587","111,923","2,818","1.13490","7,664","6.84756","100.60071","27.46","9,145.0"
"2025000000","","2025年","11222","","越谷市","","341,621","151,930","142,774","-19","-0.00556","9,156","6.41293","95.88618","60.24","5,670.7"
"2025000000","","2025年","11223","","蕨市","","74,283","38,922","36,827","1,227","1.65179","2,095","5.68876","102.34746","5.11","14,776.9"
"2025000000","","2025年","11224","","戸田市","","140,899","66,790","64,319","-1,735","-1.23138","2,471","3.84179","98.24496","18.19","7,650.6"
"2025000000","","2025年","11225","","入間市","","145,651","62,117","61,222","-5,471","-3.75624","895","1.46189","96.06143","44.69","3,136.7"
"2025000000","","2025年","11227","","朝霞市","","141,083","68,111","62,663","6,026","4.27124","5,448","8.69413","101.03174","18.34","8,021.2"
"2025000000","","2025年","11228","","志木市","","75,346","33,978","32,730","-314","-0.41674","1,248","3.81302","96.05445","9.05","8,290.8"
"2025000000","","2025年","11229","","和光市","","83,989","40,978","39,889","-353","-0.42029","1,089","2.73008","105.15110","11.04","7,575.7"
"2025000000","","2025年","11230","","新座市","","166,017","75,452","73,686","-1,319","-0.79450","1,766","2.39666","97.11092","22.78","7,229.9"
"2025000000","","2025年","11231","","桶川市","","74,748","31,181","30,918","-1,738","-2.32515","263","0.85064","96.12109","25.35","2,880.1"
"2025000000","","2025年","11232","","久喜市","","150,582","63,695","62,578","-3,423","-2.27318","1,117","1.78497","97.64028","82.41","1,785.7"
"2025000000","","2025年","11233","","北本市","","65,201","28,169","27,403","-979","-1.50151","766","2.79531","95.49481","19.82","3,240.3"
"2025000000","","2025年","11234","","八潮市","","93,363","43,645","42,183","23","0.02464","1,462","3.46585","104.59644","18.02","5,182.4"
"2025000000","","2025年","11235","","富士見市","","111,859","53,527","50,979","965","0.86269","2,548","4.99814","95.30536","19.77","5,706.8"
"2025000000","","2025年","11237","","三郷市","","142,145","63,002","60,829","-1,566","-1.10169","2,173","3.57231","100.44058","30.13","4,665.7"
"2025000000","","2025年","11238","","蓮田市","","61,499","26,292","25,474","-1,056","-1.71710","818","3.21112","96.83785","27.28","2,215.7"
"2025000000","","2025年","11239","","坂戸市","","100,275","45,685","44,555","-886","-0.88357","1,130","2.53619","98.71441","41.02","2,422.9"
"2025000000","","2025年","11240","","幸手市","","50,066","21,299","20,851","-2,432","-4.85759","448","2.14858","98.87275","33.93","1,403.9"
"2025000000","","2025年","11241","","鶴ヶ島市","","70,117","32,691","30,537","576","0.82148","2,154","7.05374","97.79245","17.65","4,005.3"
"2025000000","","2025年","11242","","日高市","","54,571","23,345","22,379","-1,140","-2.08902","966","4.31655","97.34441","47.48","1,125.3"
"2025000000","","2025年","11243","","吉川市","","71,979","29,921","27,901","-651","-0.90443","2,020","7.23988","97.85304","31.66","2,252.9"
"2025000000","","2025年","11245","","ふじみ野市","","113,597","50,554","49,395","-1,164","-1.02467","1,159","2.34639","96.15311","14.64","7,679.8"
"2025000000","","2025年","11246","","白岡市","","52,214","21,130","20,513","-729","-1.39618","617","3.00785","96.45515","24.92","2,066.0"
"2025000000","","2025年","11301","","伊奈町","","44,841","18,663","17,812","-391","-0.87197","851","4.77768","100.46904","14.79","3,005.4"
"2025000000","","2025年","11324","","三芳町","","38,434","15,260","15,035","-953","-2.47958","225","1.49651","94.97997","15.33","2,444.9"
"2025000000","","2025年","11326","","毛呂山町","","35,366","15,679","15,764","-2,145","-6.06515","-85","-0.53920","98.31065","34.07","975.1"
"2025000000","","2025年","11327","","越生町","","11,029","4,547","4,587","-798","-7.23547","-40","-0.87203","96.78784","40.39","253.3"
"2025000000","","2025年","11341","","滑川町","","19,732","8,064","7,650","176","0.89195","414","5.41176","103.53747","29.68","670.8"
"2025000000","","2025年","11342","","嵐山町","","17,889","7,578","7,421","-543","-3.03538","157","2.11562","98.83081","29.92","579.7"
"2025000000","","2025年","11343","","小川町","","28,524","11,586","11,781","-2,251","-7.89160","-195","-1.65521","99.17368","60.36","435.3"
"2025000000","","2025年","11346","","川島町","","19,378","7,226","7,269","-1,496","-7.72009","-43","-0.59155","102.49122","41.63","429.5"
"2025000000","","2025年","11347","","吉見町","","18,192","6,870","6,864","-1,352","-7.43184","6","0.08741","101.99112","38.64","435.8"
"2025000000","","2025年","11348","","鳩山町","","13,560","5,321","5,399","-911","-6.71829","-78","-1.44471","92.96720","25.73","491.6"
"2025000000","","2025年","11349","","ときがわ町","","10,540","4,107","4,201","-734","-6.96395","-94","-2.23756","101.81107","55.90","175.4"
"2025000000","","2025年","11361","","横瀬町","","7,979","2,966","3,080","-752","-9.42474","-114","-3.70130","96.81373","49.36","146.4"
"2025000000","","2025年","11362","","皆野町","","9,302","3,445","3,584","-872","-9.37433","-139","-3.87835","97.65533","63.74","132.3"
"2025000000","","2025年","11363","","長瀞町","","6,807","2,495","2,605","-706","-10.37168","-110","-4.22265","94.73348","30.43","200.5"
"2025000000","","2025年","11365","","小鹿野町","","10,928","3,894","4,170","-1,497","-13.69876","-276","-6.61871","97.50785","171.26","55.1"
"2025000000","","2025年","11369","","東秩父村","","2,709","916","990","-416","-15.35622","-74","-7.47475","97.33219","37.06","61.9"
"2025000000","","2025年","11381","","美里町","","11,039","3,850","3,854","-722","-6.54045","-4","-0.10379","100.68080","33.41","308.8"
"2025000000","","2025年","11383","","神川町","","13,359","5,188","5,220","-871","-6.51995","-32","-0.61303","102.49716","47.40","263.5"
"2025000000","","2025年","11385","","上里町","","30,343","12,091","11,856","-725","-2.38935","235","1.98212","97.87547","29.18","1,015.0"
"2025000000","","2025年","11408","","寄居町","","32,374","13,505","13,287","-1,694","-5.23259","218","1.64070","98.11443","64.25","477.5"
"2025000000","","2025年","11442","","宮代町","","34,147","15,138","14,572","-612","-1.79225","566","3.88416","100.14921","15.95","2,102.5"
"2025000000","","2025年","11464","","杉戸町","","43,845","18,313","17,706","-1,263","-2.88060","607","3.42822","98.43422","30.03","1,418.0"
"2025000000","","2025年","11465","","松伏町","","28,266","10,908","10,740","-1,389","-4.91403","168","1.56425","100.73941","16.20","1,659.1"
"2025000000","","2025年","12000","","千葉県","","6,284,480","2,875,923","2,773,840","-25,968","-0.41321","102,083","3.68021","97.77510","5,156.48","1,213.7"
"2025000000","","2025年","12100","","千葉市","","974,951","477,424","447,982","20,019","2.05333","29,442","6.57214","97.12994","271.76","3,661.2"
"2025000000","","2025年","12101","","千葉市中央区","","211,736","119,804","109,336","14,884","7.02951","10,468","9.57416","100.86330","44.71","5,068.7"
"2025000000","","2025年","12102","","千葉市花見川区","","177,328","85,393","81,123","353","0.19907","4,270","5.26361","95.87375","34.19","5,196.9"
"2025000000","","2025年","12103","","千葉市稲毛区","","160,582","78,098","74,796","61","0.03799","3,302","4.41467","98.85251","21.22","7,570.4"
"2025000000","","2025年","12104","","千葉市若葉区","","146,940","67,802","64,840","-1,495","-1.01742","2,962","4.56817","99.23154","84.19","1,727.6"
"2025000000","","2025年","12105","","千葉市緑区","","129,421","52,538","50,996","-1,173","-0.90634","1,542","3.02377","95.22324","66.25","1,935.8"
"2025000000","","2025年","12106","","千葉市美浜区","","148,944","73,789","66,891","7,389","4.96092","6,898","10.31230","91.32196","21.20","7,374.2"
"2025000000","","2025年","12202","","銚子市","","58,431","24,106","25,544","-7,005","-11.98850","-1,438","-5.62950","94.71432","84.12","611.3"
"2025000000","","2025年","12203","","市川市","","496,676","249,859","242,970","-2,469","-0.49710","6,889","2.83533","100.45387","57.44","8,603.9"
"2025000000","","2025年","12204","","船橋市","","642,907","299,988","289,916","7,728","1.20204","10,072","3.47411","97.64545","85.62","7,599.1"
"2025000000","","2025年","12205","","館山市","","45,153","19,413","20,272","-4,026","-8.91635","-859","-4.23737","92.45204","110.05","373.7"
"2025000000","","2025年","12206","","木更津市","","136,166","61,966","58,387","983","0.72191","3,579","6.12979","100.72152","138.89","987.5"
"2025000000","","2025年","12207","","松戸市","","498,232","238,938","231,195","-1,518","-0.30468","7,743","3.34912","97.30917","61.38","8,092.4"
"2025000000","","2025年","12208","","野田市","","152,638","65,841","63,581","-1,552","-1.01678","2,260","3.55452","99.38503","103.55","1,459.1"
"2025000000","","2025年","12210","","茂原市","","86,782","37,692","37,120","-3,205","-3.69316","572","1.54095","97.07373","99.92","836.4"
"2025000000","","2025年","12211","","成田市","","132,906","63,604","60,231","891","0.67040","3,373","5.60011","98.55017","213.84","625.7"
"2025000000","","2025年","12212","","佐倉市","","168,743","71,617","70,279","-4,884","-2.89434","1,338","1.90384","94.38987","103.69","1,580.3"
"2025000000","","2025年","12213","","東金市","","58,219","26,291","25,403","-1,673","-2.87363","888","3.49565","100.88103","89.12","634.5"
"2025000000","","2025年","12215","","旭市","","63,745","24,511","24,299","-4,088","-6.41305","212","0.87246","97.54628","130.47","457.2"
"2025000000","","2025年","12216","","習志野市","","176,197","82,662","79,423","-197","-0.11181","3,239","4.07816","98.05991","20.97","8,392.9"
"2025000000","","2025年","12217","","柏市","","426,468","194,820","188,022","8,905","2.08808","6,798","3.61553","96.27664","114.74","3,794.4"
"2025000000","","2025年","12218","","勝浦市","","16,927","7,885","8,192","-1,801","-10.63981","-307","-3.74756","107.34750","93.96","161.0"
"2025000000","","2025年","12219","","市原市","","269,524","120,342","117,997","-9,913","-3.67797","2,345","1.98734","105.17094","368.16","705.2"
"2025000000","","2025年","12220","","流山市","","199,849","90,828","83,115","15,281","7.64627","7,713","9.27991","96.03251","35.32","6,090.9"
"2025000000","","2025年","12221","","八千代市","","199,498","91,622","85,158","5,554","2.78399","6,464","7.59060","95.76304","51.39","3,990.1"
"2025000000","","2025年","12222","","我孫子市","","130,510","59,114","56,311","647","0.49575","2,803","4.97771","94.74810","43.15","3,039.6"
"2025000000","","2025年","12223","","鴨川市","","32,116","13,904","14,578","-3,108","-9.67742","-674","-4.62341","89.74359","191.14","151.8"
"2025000000","","2025年","12224","","鎌ケ谷市","","109,932","48,216","47,146","-814","-0.74046","1,070","2.26955","94.22581","21.08","5,176.4"
"2025000000","","2025年","12225","","君津市","","82,206","34,635","35,266","-4,797","-5.83534","-631","-1.78926","103.49904","318.78","242.8"
"2025000000","","2025年","12226","","富津市","","42,465","17,393","17,830","-3,735","-8.79548","-437","-2.45093","102.95551","205.40","188.6"
"2025000000","","2025年","12227","","浦安市","","171,362","84,094","80,321","1,402","0.81815","3,773","4.69740","93.13167","17.25","10,015.3"
"2025000000","","2025年","12228","","四街道市","","93,576","39,663","38,456","677","0.72348","1,207","3.13865","98.26458","34.52","2,730.4"
"2025000000","","2025年","12229","","袖ケ浦市","","63,883","26,928","25,430","1,242","1.94418","1,498","5.89068","101.66909","94.82","686.8"
"2025000000","","2025年","12230","","八街市","","67,455","28,495","27,942","-2,879","-4.26803","553","1.97910","102.39453","74.94","861.7"
"2025000000","","2025年","12231","","印西市","","102,609","41,942","38,349","7,791","7.59290","3,593","9.36921","97.24853","123.79","891.8"
"2025000000","","2025年","12232","","白井市","","62,441","24,718","24,141","-1,491","-2.38785","577","2.39012","97.58810","35.48","1,717.9"
"2025000000","","2025年","12233","","富里市","","49,735","23,337","21,885","-6","-0.01206","1,452","6.63468","104.38535","53.88","923.0"
"2025000000","","2025年","12234","","南房総市","","35,831","13,940","14,720","-3,936","-10.98490","-780","-5.29891","91.03378","229.55","138.9"
"2025000000","","2025年","12235","","匝瑳市","","35,040","12,386","12,883","-3,903","-11.13870","-497","-3.85780","96.79560","101.48","306.8"
"2025000000","","2025年","12236","","香取市","","72,356","27,374","27,572","-6,256","-8.64614","-198","-0.71812","97.39593","262.35","252.0"
"2025000000","","2025年","12237","","山武市","","48,444","18,961","19,403","-3,410","-7.03906","-442","-2.27800","101.03567","146.77","306.8"
"2025000000","","2025年","12238","","いすみ市","","35,544","14,186","14,484","-3,103","-8.73002","-298","-2.05744","94.09477","157.50","206.0"
"2025000000","","2025年","12239","","大網白里市","","48,129","20,059","19,558","-1,719","-3.57165","501","2.56161","96.24508","58.08","799.1"
"2025000000","","2025年","12322","","酒々井町","","20,745","9,857","9,375","-179","-0.86286","482","5.14133","97.33257","19.01","1,081.9"
"2025000000","","2025年","12329","","栄町","","20,127","8,354","8,276","-1,117","-5.54976","78","0.94248","95.97938","32.51","584.7"
"2025000000","","2025年","12342","","神崎町","","5,816","2,179","2,289","-540","-9.28473","-110","-4.80559","100.07584","19.90","265.1"
"2025000000","","2025年","12347","","多古町","","13,735","4,963","5,079","-1,266","-9.21733","-116","-2.28391","103.04511","72.80","171.3"
"2025000000","","2025年","12349","","東庄町","","13,228","4,581","4,611","-1,336","-10.09979","-30","-0.65062","101.15020","46.25","257.1"
"2025000000","","2025年","12403","","九十九里町","","14,639","5,753","6,181","-1,705","-11.64697","-428","-6.92445","97.70712","24.44","529.2"
"2025000000","","2025年","12409","","芝山町","","7,033","2,392","2,513","-926","-13.16650","-121","-4.81496","99.50996","43.24","141.2"
"2025000000","","2025年","12410","","横芝光町","","22,075","7,844","8,274","-2,239","-10.14270","-430","-5.19700","95.02507","67.01","296.0"
"2025000000","","2025年","12421","","一宮町","","11,897","5,104","4,984","-139","-1.16836","120","2.40770","96.85250","22.97","511.9"
"2025000000","","2025年","12422","","睦沢町","","6,760","2,452","2,467","-460","-6.80473","-15","-0.60803","91.31491","35.59","177.0"
"2025000000","","2025年","12423","","長生村","","13,803","5,321","5,613","-1,271","-9.20814","-292","-5.20221","97.88410","28.25","443.6"
"2025000000","","2025年","12424","","白子町","","10,305","4,079","4,137","-827","-8.02523","-58","-1.40198","98.24305","27.50","344.7"
"2025000000","","2025年","12426","","長柄町","","6,721","2,412","2,517","-698","-10.38536","-105","-4.17163","98.19019","47.11","127.8"
"2025000000","","2025年","12427","","長南町","","7,198","2,656","2,636","-494","-6.86302","20","0.75873","98.69591","65.51","102.3"
"2025000000","","2025年","12441","","大多喜町","","8,885","3,157","3,401","-1,086","-12.22285","-244","-7.17436","94.73159","129.87","60.1"
"2025000000","","2025年","12443","","御宿町","","6,874","3,154","3,092","-528","-7.68112","62","2.00517","92.41965","24.85","255.4"
"2025000000","","2025年","12463","","鋸南町","","6,993","2,911","3,034","-789","-11.28271","-123","-4.05405","93.57254","45.17","137.3"
"2025000000","","2025年","13000","","東京都","","14,047,598","7,566,300","7,227,181","198,621","1.41391","339,119","4.69227","95.83955","2,199.94","6,475.7"
"2025000000","","2025年","13100","","特別区部","","9,733,276","5,496,942","5,215,850","219,884","2.25910","281,092","5.38919","95.69636","627.51","15,861.4"
"2025000000","","2025年","13101","","千代田区","","66,680","36,956","37,011","-481","-0.72136","-55","-0.14860","99.97885","11.66","5,677.4"
"2025000000","","2025年","13102","","中央区","","169,179","99,261","92,533","12,739","7.52989","6,728","7.27092","91.81367","10.21","17,817.6"
"2025000000","","2025年","13103","","港区","","260,486","152,766","146,160","12,176","4.67434","6,606","4.51970","89.69507","20.36","13,392.0"
"2025000000","","2025年","13104","","新宿区","","349,385","237,669","222,800","12,249","3.50587","14,869","6.67370","100.68368","18.22","19,848.2"
"2025000000","","2025年","13105","","文京区","","240,069","141,682","133,661","9,961","4.14922","8,021","6.00100","92.20214","11.29","22,146.1"
"2025000000","","2025年","13106","","台東区","","211,444","143,609","124,345","16,946","8.01442","19,264","15.49238","103.95424","10.11","22,590.5"
"2025000000","","2025年","13107","","墨田区","","272,085","157,462","145,768","13,118","4.82129","11,694","8.02234","96.47357","13.77","20,711.9"
"2025000000","","2025年","13108","","江東区","","524,310","297,259","264,278","29,048","5.54023","32,981","12.47966","95.11093","42.99","12,871.8"
"2025000000","","2025年","13109","","品川区","","422,488","246,402","237,641","3,915","0.92665","8,761","3.68665","97.33023","22.85","18,661.0"
"2025000000","","2025年","13110","","目黒区","","288,088","158,812","155,715","-1,620","-0.56233","3,097","1.98889","89.09278","14.67","19,527.5"
"2025000000","","2025年","13111","","大田区","","748,081","416,278","400,164","11,328","1.51427","16,114","4.02685","98.87626","61.86","12,276.3"
"2025000000","","2025年","13112","","世田谷区","","943,664","509,472","492,065","12,944","1.37167","17,407","3.53754","89.01561","58.05","16,479.0"
"2025000000","","2025年","13113","","渋谷区","","243,883","152,150","149,967","-4,764","-1.95340","2,183","1.45565","92.19467","15.11","15,825.2"
"2025000000","","2025年","13114","","中野区","","344,880","221,274","208,093","10,453","3.03091","13,181","6.33419","100.13123","15.59","22,792.4"
"2025000000","","2025年","13115","","杉並区","","591,108","344,037","336,339","6,458","1.09252","7,698","2.28876","92.97799","34.06","17,544.5"
"2025000000","","2025年","13116","","豊島区","","301,599","189,089","183,819","4,507","1.49437","5,270","2.86695","100.02091","13.01","23,528.5"
"2025000000","","2025年","13117","","北区","","355,213","202,441","189,700","13,077","3.68145","12,741","6.71639","99.02189","20.61","17,869.5"
"2025000000","","2025年","13118","","荒川区","","217,475","122,414","112,009","9,007","4.14163","10,405","9.28943","97.06768","10.16","22,291.5"
"2025000000","","2025年","13119","","板橋区","","584,483","331,637","314,446","10,517","1.79937","17,191","5.46708","94.84624","32.22","18,466.8"
"2025000000","","2025年","13120","","練馬区","","752,608","390,090","374,842","8,979","1.19305","15,248","4.06785","91.71720","48.08","15,840.0"
"2025000000","","2025年","13121","","足立区","","695,043","362,270","345,346","7,675","1.10425","16,924","4.90059","99.15601","53.25","13,196.6"
"2025000000","","2025年","13122","","葛飾区","","453,093","235,718","215,948","14,521","3.20486","19,770","9.15498","98.23392","34.80","13,437.2"
"2025000000","","2025年","13123","","江戸川区","","697,932","348,194","333,200","7,131","1.02173","14,994","4.50000","100.42612","49.90","14,129.5"
"2025000000","","2025年","13201","","八王子市","","579,355","277,636","267,020","-5,268","-0.90929","10,616","3.97573","100.61258","186.38","3,080.2"
"2025000000","","2025年","13202","","立川市","","183,581","96,088","89,727","5,560","3.02864","6,361","7.08928","95.82246","24.36","7,764.4"
"2025000000","","2025年","13203","","武蔵野市","","150,149","79,270","78,054","551","0.36697","1,216","1.55790","92.05771","10.98","13,725.0"
"2025000000","","2025年","13204","","三鷹市","","195,391","98,919","96,389","-432","-0.22110","2,530","2.62478","92.21229","16.42","11,873.3"
"2025000000","","2025年","13205","","青梅市","","133,535","58,115","56,523","-4,043","-3.02767","1,592","2.81655","99.97838","103.31","1,253.4"
"2025000000","","2025年","13206","","府中市","","262,790","128,781","123,931","382","0.14536","4,850","3.91347","99.16602","29.43","8,942.3"
"2025000000","","2025年","13207","","昭島市","","113,949","55,210","52,163","2,716","2.38352","3,047","5.84131","98.78512","17.34","6,728.1"
"2025000000","","2025年","13208","","調布市","","242,614","125,171","120,945","2,922","1.20438","4,226","3.49415","93.00565","21.58","11,377.9"
"2025000000","","2025年","13209","","町田市","","431,083","198,505","192,016","-10,121","-2.34781","6,489","3.37941","93.87734","71.55","5,883.5"
"2025000000","","2025年","13210","","小金井市","","126,074","65,897","63,182","2,917","2.31372","2,715","4.29711","95.68403","11.30","11,415.1"
"2025000000","","2025年","13211","","小平市","","198,739","91,388","91,287","-248","-0.12479","101","0.11064","94.42937","20.51","9,677.8"
"2025000000","","2025年","13212","","日野市","","190,435","90,776","90,404","-52","-0.02731","372","0.41149","98.68609","27.55","6,910.5"
"2025000000","","2025年","13213","","東村山市","","151,815","72,036","68,478","347","0.22857","3,558","5.19583","94.31468","17.14","8,877.6"
"2025000000","","2025年","13214","","国分寺市","","129,242","61,695","63,962","-1,018","-0.78767","-2,267","-3.54429","95.13620","11.46","11,188.8"
"2025000000","","2025年","13215","","国立市","","77,130","38,682","38,275","-543","-0.70401","407","1.06336","94.28956","8.15","9,397.2"
"2025000000","","2025年","13218","","福生市","","56,414","29,833","28,148","752","1.33300","1,685","5.98622","99.33052","10.16","5,626.6"
"2025000000","","2025年","13219","","狛江市","","84,772","43,005","42,616","-631","-0.74435","389","0.91280","93.92689","6.39","13,167.6"
"2025000000","","2025年","13220","","東大和市","","83,901","37,267","36,336","-850","-1.01310","931","2.56220","94.32589","13.42","6,188.6"
"2025000000","","2025年","13221","","清瀬市","","76,208","35,611","35,003","-1,478","-1.93943","608","1.73699","91.05203","10.23","7,305.0"
"2025000000","","2025年","13222","","東久留米市","","115,271","53,913","51,217","157","0.13620","2,696","5.26388","92.05031","12.88","8,961.8"
"2025000000","","2025年","13223","","武蔵村山市","","70,829","30,489","29,978","-1,753","-2.47497","511","1.70458","98.16966","15.32","4,508.9"
"2025000000","","2025年","13224","","多摩市","","146,951","68,343","68,415","-5,715","-3.88905","-72","-0.10524","94.43014","21.01","6,722.3"
"2025000000","","2025年","13225","","稲城市","","93,151","42,444","39,906","2,020","2.16852","2,538","6.35995","99.73766","17.97","5,296.1"
"2025000000","","2025年","13227","","羽村市","","54,326","24,488","23,809","-850","-1.56463","679","2.85186","101.91052","9.90","5,401.6"
"2025000000","","2025年","13228","","あきる野市","","79,292","32,227","31,887","-2,056","-2.59295","340","1.06627","97.41840","73.47","1,051.3"
"2025000000","","2025年","13229","","西東京市","","207,388","99,364","97,018","201","0.09692","2,346","2.41811","94.17900","15.75","13,180.3"
"2025000000","","2025年","13303","","瑞穂町","","31,765","13,530","13,017","-604","-1.90146","513","3.94100","102.63363","16.85","1,849.3"
"2025000000","","2025年","13305","","日の出町","","16,958","5,923","6,012","-894","-5.27185","-89","-1.48037","95.59235","28.07","572.3"
"2025000000","","2025年","13307","","檜原村","","2,003","751","835","-242","-12.08188","-84","-10.05988","99.20814","105.41","16.7"
"2025000000","","2025年","13308","","奥多摩町","","4,750","1,824","1,984","-580","-12.21053","-160","-8.06452","103.91198","225.53","18.5"
"2025000000","","2025年","13361","","大島町","","7,102","3,408","3,712","-800","-11.26443","-304","-8.18966","108.05546","90.76","69.4"
"2025000000","","2025年","13362","","利島村","","327","201","193","-23","-7.03364","8","4.14508","128.57143","4.04","75.2"
"2025000000","","2025年","13363","","新島村","","2,441","1,106","1,163","-273","-11.18394","-57","-4.90112","98.17185","27.54","78.7"
"2025000000","","2025年","13364","","神津島村","","1,855","783","808","-204","-10.99730","-25","-3.09406","105.09317","18.58","88.9"
"2025000000","","2025年","13381","","三宅村","","2,273","1,287","1,377","-293","-12.89045","-90","-6.53595","124.23556","55.26","35.8"
"2025000000","","2025年","13382","","御蔵島村","","323","175","187","-32","-9.90712","-12","-6.41711","136.58537","20.39","14.3"
"2025000000","","2025年","13401","","八丈町","","7,042","3,702","3,767","-566","-8.03749","-65","-1.72551","101.24301","72.24","89.6"
"2025000000","","2025年","13402","","青ヶ島村","","169","124","118","-1","-0.59172","6","5.08475","158.46154","5.95","28.2"
"2025000000","","2025年","13421","","小笠原村","","2,929","1,391","1,469","-218","-7.44281","-78","-5.30973","165.52400","113.04","24.0"
"2025000000","","2025年","14000","","神奈川県","","9,237,333","4,348,580","4,223,705","-43,676","-0.47282","124,875","2.95653","98.01314","2,416.55","3,804.5"
"2025000000","","2025年","14100","","横浜市","","3,777,491","1,792,729","1,753,081","-22,651","-0.59963","39,648","2.26162","97.04178","438.23","8,568.2"
"2025000000","","2025年","14101","","横浜市鶴見区","","297,437","148,298","145,586","-720","-0.24207","2,712","1.86282","106.03487","33.21","8,934.6"
"2025000000","","2025年","14102","","横浜市神奈川区","","247,267","135,629","129,183","5,213","2.10825","6,446","4.98982","102.92394","23.73","10,639.7"
"2025000000","","2025年","14103","","横浜市西区","","104,935","60,889","57,054","3,180","3.03045","3,835","6.72170","100.84525","7.03","15,379.1"
"2025000000","","2025年","14104","","横浜市中区","","151,388","90,378","85,108","3,277","2.16464","5,270","6.19213","104.71331","22.01","7,027.0"
"2025000000","","2025年","14105","","横浜市南区","","198,157","108,026","103,719","92","0.04643","4,307","4.15257","98.79369","12.65","15,671.9"
"2025000000","","2025年","14106","","横浜市保土ケ谷区","","207,811","99,545","99,126","-4,207","-2.02444","419","0.42269","96.53275","21.93","9,284.3"
"2025000000","","2025年","14107","","横浜市磯子区","","166,731","78,173","78,731","-3,056","-1.83289","-558","-0.70874","96.85252","19.02","8,605.4"
"2025000000","","2025年","14108","","横浜市金沢区","","198,939","89,873","89,869","-6,690","-3.36284","4","0.00445","94.24977","30.95","6,211.6"
"2025000000","","2025年","14109","","横浜市港北区","","358,530","179,597","175,521","5,115","1.42666","4,076","2.32223","98.95773","31.40","11,581.1"
"2025000000","","2025年","14110","","横浜市戸塚区","","283,709","123,726","122,053","-2,740","-0.96578","1,673","1.37072","94.34135","35.79","7,850.5"
"2025000000","","2025年","14111","","横浜市港南区","","215,248","95,435","95,526","-5,626","-2.61373","-91","-0.09526","93.82524","19.90","10,533.8"
"2025000000","","2025年","14112","","横浜市旭区","","245,174","107,916","107,049","-5,558","-2.26696","867","0.80991","92.58950","32.73","7,321.0"
"2025000000","","2025年","14113","","横浜市緑区","","183,082","81,326","79,411","-2,125","-1.16068","1,915","2.41150","95.76887","25.51","7,093.6"
"2025000000","","2025年","14114","","横浜市瀬谷区","","122,623","53,565","52,414","-2,215","-1.80635","1,151","2.19598","93.26196","17.17","7,012.7"
"2025000000","","2025年","14115","","横浜市栄区","","120,194","53,291","52,592","-1,050","-0.87359","699","1.32910","93.50983","18.52","6,433.3"
"2025000000","","2025年","14116","","横浜市泉区","","152,378","63,851","62,847","-2,887","-1.89463","1,004","1.59753","93.18825","23.58","6,339.7"
"2025000000","","2025年","14117","","横浜市青葉区","","310,756","135,059","132,819","-3,507","-1.12854","2,240","1.68651","93.17640","35.22","8,723.7"
"2025000000","","2025年","14118","","横浜市都筑区","","213,132","88,152","84,473","853","0.40022","3,679","4.35524","95.07626","27.87","7,678.0"
"2025000000","","2025年","14130","","川崎市","","1,538,262","772,872","747,452","22,870","1.48674","25,420","3.40089","101.08248","142.96","10,920.1"
"2025000000","","2025年","14131","","川崎市川崎区","","232,965","123,897","123,515","603","0.25884","382","0.30927","116.86103","39.49","5,914.6"
"2025000000","","2025年","14132","","川崎市幸区","","171,119","84,019","80,088","4,749","2.77526","3,931","4.90835","101.76447","10.01","17,569.2"
"2025000000","","2025年","14133","","川崎市中原区","","263,683","140,136","134,763","6,096","2.31187","5,373","3.98700","101.64211","14.74","18,302.5"
"2025000000","","2025年","14134","","川崎市高津区","","234,328","117,361","113,791","3,041","1.29775","3,570","3.13733","97.90480","16.36","14,509.1"
"2025000000","","2025年","14135","","川崎市多摩区","","221,734","121,041","113,583","7,327","3.30441","7,458","6.56612","103.31159","20.50","11,173.7"
"2025000000","","2025年","14136","","川崎市宮前区","","233,728","105,001","102,317","1,863","0.79708","2,684","2.62322","93.44035","18.61","12,659.4"
"2025000000","","2025年","14137","","川崎市麻生区","","180,705","81,417","79,395","-809","-0.44769","2,022","2.54676","92.79805","23.25","7,737.5"
"2025000000","","2025年","14150","","相模原市","","725,489","343,256","332,769","-13,384","-1.84482","10,487","3.15144","98.99483","328.91","2,165.0"
"2025000000","","2025年","14151","","相模原市緑区","","170,207","77,069","74,962","-4,861","-2.85593","2,107","2.81076","100.39996","253.93","651.1"
"2025000000","","2025年","14152","","相模原市中央区","","273,871","128,743","124,876","-5,289","-1.93120","3,867","3.09667","100.21618","36.87","7,284.6"
"2025000000","","2025年","14153","","相模原市南区","","281,411","137,444","132,931","-3,234","-1.14921","4,513","3.39499","97.01339","38.11","7,299.3"
"2025000000","","2025年","14201","","横須賀市","","388,078","164,260","165,473","-23,100","-5.95241","-1,213","-0.73305","98.24233","100.80","3,620.8"
"2025000000","","2025年","14203","","平塚市","","258,422","118,848","112,191","-448","-0.17336","6,657","5.93363","98.96650","67.83","3,803.2"
"2025000000","","2025年","14204","","鎌倉市","","172,710","77,742","75,722","-2,840","-1.64437","2,020","2.66765","87.81165","39.66","4,283.2"
"2025000000","","2025年","14205","","藤沢市","","436,905","203,307","193,204","6,989","1.59966","10,103","5.22919","97.05764","69.56","6,381.5"
"2025000000","","2025年","14206","","小田原市","","188,856","83,983","81,864","-3,922","-2.07671","2,119","2.58844","93.41728","113.60","1,627.9"
"2025000000","","2025年","14207","","茅ヶ崎市","","242,389","107,327","102,532","2,214","0.91341","4,795","4.67659","93.92005","35.70","6,851.6"
"2025000000","","2025年","14208","","逗子市","","57,060","24,635","24,869","-1,797","-3.14932","-234","-0.94093","87.48473","17.28","3,198.1"
"2025000000","","2025年","14210","","三浦市","","42,069","16,867","17,210","-3,412","-8.11049","-343","-1.99303","92.12266","32.06","1,205.8"
"2025000000","","2025年","14211","","秦野市","","162,439","74,689","70,478","-529","-0.32566","4,211","5.97491","102.09699","103.76","1,560.4"
"2025000000","","2025年","14212","","厚木市","","223,705","105,042","100,360","-808","-0.36119","4,682","4.66521","106.09605","93.83","2,375.5"
"2025000000","","2025年","14213","","大和市","","239,169","117,551","110,519","7,094","2.96610","7,032","6.36271","98.48235","27.09","9,090.6"
"2025000000","","2025年","14214","","伊勢原市","","101,780","46,655","45,361","-1,323","-1.29986","1,294","2.85267","101.72493","55.56","1,808.1"
"2025000000","","2025年","14215","","海老名市","","136,516","61,800","58,339","5,144","3.76806","3,461","5.93257","100.11866","26.59","5,327.6"
"2025000000","","2025年","14216","","座間市","","132,325","62,632","60,257","-428","-0.32345","2,375","3.94145","98.53242","17.57","7,506.9"
"2025000000","","2025年","14217","","南足柄市","","40,841","16,747","16,285","-1,740","-4.26042","462","2.83697","95.43660","77.09","507.2"
"2025000000","","2025年","14218","","綾瀬市","","83,913","34,931","34,879","-961","-1.14523","52","0.14909","101.57955","22.14","3,746.7"
"2025000000","","2025年","14301","","葉山町","","31,665","12,655","12,932","-1,620","-5.11606","-277","-2.14197","87.33633","17.04","1,763.2"
"2025000000","","2025年","14321","","寒川町","","48,348","20,569","19,862","-282","-0.58327","707","3.55956","102.34908","13.34","3,603.1"
"2025000000","","2025年","14341","","大磯町","","31,634","13,091","12,706","-1,150","-3.63533","385","3.03006","94.54975","17.18","1,774.4"
"2025000000","","2025年","14342","","二宮町","","27,564","11,705","11,552","-1,115","-4.04513","153","1.32445","91.27133","9.08","2,912.9"
"2025000000","","2025年","14361","","中井町","","9,300","3,398","3,436","-607","-6.52688","-38","-1.10594","97.70298","19.99","434.9"
"2025000000","","2025年","14362","","大井町","","17,129","7,143","6,683","56","0.32693","460","6.88314","97.07569","14.38","1,195.1"
"2025000000","","2025年","14363","","松田町","","10,836","4,542","4,572","-778","-7.17977","-30","-0.65617","98.42178","37.75","266.4"
"2025000000","","2025年","14364","","山北町","","9,761","3,806","3,936","-917","-9.39453","-130","-3.30285","97.45479","224.64","39.4"
"2025000000","","2025年","14366","","開成町","","18,329","7,472","6,936","268","1.46216","536","7.72780","92.81493","6.55","2,839.2"
"2025000000","","2025年","14382","","箱根町","","11,293","6,078","6,360","-1,019","-9.02329","-282","-4.43396","90.40030","92.86","110.6"
"2025000000","","2025年","14383","","真鶴町","","6,722","2,810","2,963","-751","-11.17227","-153","-5.16369","84.57496","7.05","847.0"
"2025000000","","2025年","14384","","湯河原町","","23,426","10,463","10,696","-1,755","-7.49168","-233","-2.17838","87.27100","40.97","528.9"
"2025000000","","2025年","14401","","愛川町","","39,869","17,856","17,099","-755","-1.89370","757","4.42716","110.18862","34.28","1,141.0"
"2025000000","","2025年","14402","","清川村","","3,038","1,119","1,127","-219","-7.20869","-8","-0.70985","104.12744","71.24","39.6"
"2025000000","","2025年","15000","","新潟県","","2,201,272","865,412","864,750","-132,796","-6.03269","662","0.07655","94.70923","12,583.80","164.4"
"2025000000","","2025年","15100","","新潟市","","789,275","335,063","331,272","-29,657","-3.75750","3,791","1.14438","92.68348","726.01","1,046.3"
"2025000000","","2025年","15101","","新潟市北区","","72,804","28,439","27,418","-2,586","-3.55200","1,021","3.72383","94.76867","107.48","653.3"
"2025000000","","2025年","15102","","新潟市東区","","134,446","57,207","57,491","-6,748","-5.01912","-284","-0.49399","91.80786","38.56","3,311.7"
"2025000000","","2025年","15103","","新潟市中央区","","180,345","92,891","90,860","-2,941","-1.63076","2,031","2.23531","90.95205","37.84","4,688.3"
"2025000000","","2025年","15104","","新潟市江南区","","67,972","25,916","24,891","-1,109","-1.63155","1,025","4.11795","94.22239","75.42","886.5"
"2025000000","","2025年","15105","","新潟市秋葉区","","75,069","28,198","28,003","-3,475","-4.62907","195","0.69635","92.11614","95.38","750.6"
"2025000000","","2025年","15106","","新潟市南区","","43,437","14,956","14,922","-2,250","-5.17992","34","0.22785","94.10434","100.91","408.2"
"2025000000","","2025年","15107","","新潟市西区","","160,656","68,781","69,006","-6,413","-3.99176","-225","-0.32606","93.85542","93.87","1,643.2"
"2025000000","","2025年","15108","","新潟市西蒲区","","54,546","18,675","18,681","-4,135","-7.58076","-6","-0.03212","92.25430","176.54","285.6"
"2025000000","","2025年","15202","","長岡市","","266,936","104,440","104,489","-15,664","-5.86807","-49","-0.04689","96.67656","891.26","281.9"
"2025000000","","2025年","15204","","三条市","","94,642","34,209","34,000","-6,181","-6.53093","209","0.61471","93.86588","431.97","204.8"
"2025000000","","2025年","15205","","柏崎市","","81,526","33,250","33,904","-6,771","-8.30533","-654","-1.92898","101.12190","442.08","169.1"
"2025000000","","2025年","15206","","新発田市","","94,927","35,653","35,191","-5,304","-5.58745","462","1.31284","94.17411","533.07","168.1"
"2025000000","","2025年","15208","","小千谷市","","34,096","12,130","12,113","-2,672","-7.83670","17","0.14035","96.70736","155.19","202.5"
"2025000000","","2025年","15209","","加茂市","","25,441","9,105","9,396","-2,460","-9.66943","-291","-3.09706","94.62229","133.72","171.9"
"2025000000","","2025年","15210","","十日町市","","49,820","17,321","18,012","-5,279","-10.59615","-691","-3.83633","95.98275","590.39","75.4"
"2025000000","","2025年","15211","","見附市","","39,237","14,050","14,136","-2,545","-6.48622","-86","-0.60838","94.68350","77.91","471.0"
"2025000000","","2025年","15212","","村上市","","57,418","20,874","21,549","-5,938","-10.34170","-675","-3.13240","92.87400","1,174.13","43.8"
"2025000000","","2025年","15213","","燕市","","77,201","29,421","28,522","-3,475","-4.50124","899","3.15195","95.80379","110.81","665.3"
"2025000000","","2025年","15216","","糸魚川市","","40,765","15,817","16,442","-4,234","-10.38636","-625","-3.80124","97.15581","746.41","48.9"
"2025000000","","2025年","15217","","妙高市","","30,383","11,051","11,306","-2,449","-8.06043","-255","-2.25544","94.68916","445.63","62.7"
"2025000000","","2025年","15218","","五泉市","","47,625","16,778","17,021","-4,107","-8.62362","-243","-1.42765","93.17294","351.91","123.7"
"2025000000","","2025年","15222","","上越市","","188,047","73,161","72,850","-11,403","-6.06391","311","0.42690","96.11204","973.89","181.4"
"2025000000","","2025年","15223","","阿賀野市","","40,696","13,581","13,484","-3,149","-7.73786","97","0.71937","93.52129","192.74","194.8"
"2025000000","","2025年","15224","","佐渡市","","51,492","19,966","21,261","-6,088","-11.82320","-1,295","-6.09096","94.47466","855.68","53.1"
"2025000000","","2025年","15225","","魚沼市","","34,483","12,298","12,703","-3,436","-9.96433","-405","-3.18822","96.22677","946.76","32.8"
"2025000000","","2025年","15226","","南魚沼市","","54,851","19,702","19,576","-3,653","-6.65986","126","0.64365","96.19099","584.55","87.6"
"2025000000","","2025年","15227","","胎内市","","28,509","10,285","10,305","-2,265","-7.94486","-20","-0.19408","97.48664","264.76","99.1"
"2025000000","","2025年","15307","","聖籠町","","14,259","5,022","4,804","-183","-1.28340","218","4.53789","100.97087","37.57","374.7"
"2025000000","","2025年","15342","","弥彦村","","7,705","2,605","2,605","-584","-7.57949","0","0.00000","92.51149","25.17","282.9"
"2025000000","","2025年","15361","","田上町","","11,227","3,957","3,990","-930","-8.28360","-33","-0.82707","91.50084","31.71","324.7"
"2025000000","","2025年","15385","","阿賀町","","9,965","3,609","4,061","-1,636","-16.41746","-452","-11.13026","94.37573","952.89","8.7"
"2025000000","","2025年","15405","","出雲崎町","","4,113","1,446","1,535","-512","-12.44833","-89","-5.79805","95.07042","44.41","81.1"
"2025000000","","2025年","15461","","湯沢町","","7,767","3,927","3,583","-259","-3.33462","344","9.60089","108.49764","357.29","21.0"
"2025000000","","2025年","15482","","津南町","","8,989","2,990","3,119","-1,015","-11.29158","-129","-4.13594","94.77284","170.21","46.8"
"2025000000","","2025年","15504","","刈羽村","","4,380","1,858","1,595","-66","-1.50685","263","16.48903","118.54103","26.27","164.2"
"2025000000","","2025年","15581","","関川村","","5,144","1,680","1,756","-829","-16.11586","-76","-4.32802","92.46209","299.61","14.4"
"2025000000","","2025年","15586","","粟島浦村","","353","163","170","-52","-14.73088","-7","-4.11765","116.54676","9.78","30.8"
"2025000000","","2025年","16000","","富山県","","1,034,814","410,621","403,989","-49,139","-4.74858","6,632","1.64163","95.12173","4,247.55","232.1"
"2025000000","","2025年","16201","","富山市","","413,938","177,186","171,917","-11,805","-2.85188","5,269","3.06485","96.04959","1,241.70","323.9"
"2025000000","","2025年","16202","","高岡市","","166,393","66,594","65,586","-7,830","-4.70573","1,008","1.53691","93.56780","209.59","756.5"
"2025000000","","2025年","16204","","魚津市","","40,535","15,542","15,800","-3,034","-7.48489","-258","-1.63291","95.84813","200.61","186.9"
"2025000000","","2025年","16205","","氷見市","","43,950","15,018","15,759","-4,801","-10.92378","-741","-4.70208","91.65320","230.54","169.8"
"2025000000","","2025年","16206","","滑川市","","32,349","12,441","12,115","-1,018","-3.14693","326","2.69088","96.54350","54.62","573.6"
"2025000000","","2025年","16207","","黒部市","","39,638","15,338","15,238","-2,006","-5.06080","100","0.65625","97.34648","426.31","88.3"
"2025000000","","2025年","16208","","砺波市","","48,154","17,432","17,147","-2,331","-4.84072","285","1.66210","94.63535","127.03","360.7"
"2025000000","","2025年","16209","","小矢部市","","28,983","9,627","9,726","-2,292","-7.90808","-99","-1.01789","95.20954","134.07","199.1"
"2025000000","","2025年","16210","","南砺市","","47,937","16,544","16,483","-3,992","-8.32760","61","0.37008","93.85504","668.64","65.7"
"2025000000","","2025年","16211","","射水市","","90,742","34,972","33,812","-3,041","-3.35126","1,160","3.43073","96.53326","109.44","801.4"
"2025000000","","2025年","16321","","舟橋村","","3,132","1,186","1,051","145","4.62963","135","12.84491","94.82759","3.47","944.4"
"2025000000","","2025年","16322","","上市町","","19,351","7,147","7,256","-1,640","-8.47501","-109","-1.50221","92.21836","236.71","74.8"
"2025000000","","2025年","16323","","立山町","","24,792","9,116","9,047","-1,558","-6.28429","69","0.76268","93.81048","307.29","75.6"
"2025000000","","2025年","16342","","入善町","","23,839","8,438","8,699","-2,443","-10.24791","-261","-3.00034","93.10469","71.25","300.3"
"2025000000","","2025年","16343","","朝日町","","11,081","4,040","4,353","-1,493","-13.47351","-313","-7.19044","89.22439","226.30","42.4"
"2025000000","","2025年","17000","","石川県","","1,132,526","476,897","469,910","-44,305","-3.91205","6,987","1.48688","94.87466","4,190.94","259.7"
"2025000000","","2025年","17201","","金沢市","","463,254","212,869","207,520","-9,183","-1.98228","5,349","2.57758","93.75515","468.81","968.6"
"2025000000","","2025年","17202","","七尾市","","50,300","19,208","20,328","-6,051","-12.02982","-1,120","-5.50964","93.16803","318.39","139.0"
"2025000000","","2025年","17203","","小松市","","106,216","42,381","41,312","-2,619","-2.46573","1,069","2.58763","97.11736","371.05","279.2"
"2025000000","","2025年","17204","","輪島市","","24,608","8,775","10,208","-6,536","-26.56047","-1,433","-14.03801","101.94435","429.13","42.1"
"2025000000","","2025年","17205","","珠洲市","","12,929","4,167","5,517","-4,401","-34.03976","-1,350","-24.46982","100.28182","248.92","34.3"
"2025000000","","2025年","17206","","加賀市","","63,220","25,018","25,261","-4,529","-7.16387","-243","-0.96196","89.85249","305.87","191.9"
"2025000000","","2025年","17207","","羽咋市","","20,407","8,001","8,046","-1,553","-7.61013","-45","-0.55928","91.00395","81.84","230.4"
"2025000000","","2025年","17209","","かほく市","","34,889","13,741","12,528","1,120","3.21018","1,213","9.68231","94.33860","64.36","559.5"
"2025000000","","2025年","17210","","白山市","","110,408","42,569","40,958","-1,345","-1.21821","1,611","3.93330","94.24546","754.92","144.5"
"2025000000","","2025年","17211","","能美市","","48,523","19,195","18,192","-50","-0.10304","1,003","5.51341","98.74129","84.14","576.1"
"2025000000","","2025年","17212","","野々市市","","57,238","27,892","26,200","1,356","2.36906","1,692","6.45802","104.35253","13.56","4,321.1"
"2025000000","","2025年","17324","","川北町","","6,135","1,947","1,915","-262","-4.27058","32","1.67102","98.41216","14.64","401.2"
"2025000000","","2025年","17361","","津幡町","","36,957","14,422","13,399","307","0.83070","1,023","7.63490","96.05409","110.59","337.0"
"2025000000","","2025年","17365","","内灘町","","26,574","10,914","10,802","-1,190","-4.47806","112","1.03685","92.62407","20.33","1,248.6"
"2025000000","","2025年","17384","","志賀町","","18,630","6,809","7,447","-2,716","-14.57864","-638","-8.56721","94.38134","247.00","64.4"
"2025000000","","2025年","17386","","宝達志水町","","12,121","4,313","4,428","-1,048","-8.64615","-115","-2.59711","90.58520","111.51","99.3"
"2025000000","","2025年","17407","","中能登町","","16,540","5,958","6,103","-1,287","-7.78114","-145","-2.37588","95.45105","89.45","170.5"
"2025000000","","2025年","17461","","穴水町","","7,890","2,965","3,288","-1,358","-17.21166","-323","-9.82360","91.66667","183.16","35.7"
"2025000000","","2025年","17463","","能登町","","15,687","5,753","6,458","-2,960","-18.86913","-705","-10.91669","95.19939","273.28","46.6"
"2025000000","","2025年","18000","","福井県","","766,863","294,532","291,662","-37,477","-4.88705","2,870","0.98402","95.09133","4,190.56","174.1"
"2025000000","","2025年","18201","","福井市","","262,328","105,936","104,470","-10,260","-3.91113","1,466","1.40327","94.87885","536.38","469.9"
"2025000000","","2025年","18202","","敦賀市","","64,264","27,434","27,849","-3,695","-5.74972","-415","-1.49018","95.89573","251.48","240.9"
"2025000000","","2025年","18204","","小浜市","","28,991","11,405","12,082","-2,449","-8.44745","-677","-5.60338","97.45574","233.11","113.9"
"2025000000","","2025年","18205","","大野市","","31,286","10,217","10,868","-3,521","-11.25424","-651","-5.99006","91.12687","872.43","31.8"
"2025000000","","2025年","18206","","勝山市","","22,150","7,365","7,524","-1,963","-8.86230","-159","-2.11324","90.74931","253.88","79.5"
"2025000000","","2025年","18207","","鯖江市","","68,302","25,258","23,915","-1,079","-1.57975","1,343","5.61572","95.55782","84.59","794.7"
"2025000000","","2025年","18208","","あわら市","","27,524","9,996","9,933","-1,777","-6.45618","63","0.63425","90.38007","116.98","220.1"
"2025000000","","2025年","18209","","越前市","","80,611","31,864","29,634","-1,287","-1.59656","2,230","7.52514","97.36757","230.70","343.8"
"2025000000","","2025年","18210","","坂井市","","88,481","31,487","31,067","-3,689","-4.16926","420","1.35192","93.68633","209.67","404.4"
"2025000000","","2025年","18322","","永平寺町","","18,965","7,405","7,285","-973","-5.13050","120","1.64722","94.65541","94.43","190.5"
"2025000000","","2025年","18382","","池田町","","2,423","1,079","948","-138","-5.69542","131","13.81857","121.84466","194.65","11.7"
"2025000000","","2025年","18404","","南越前町","","10,002","3,172","3,266","-1,053","-10.52789","-94","-2.87814","92.20361","343.68","26.0"
"2025000000","","2025年","18423","","越前町","","20,118","6,518","6,581","-1,568","-7.79402","-63","-0.95730","93.95650","153.13","121.1"
"2025000000","","2025年","18442","","美浜町","","9,179","3,488","3,745","-895","-9.75052","-257","-6.86248","101.60623","152.38","54.4"
"2025000000","","2025年","18481","","高浜町","","10,326","4,162","4,500","-1,190","-11.52431","-338","-7.51111","107.30656","72.40","126.2"
"2025000000","","2025年","18483","","おおい町","","7,910","3,054","3,165","-636","-8.04046","-111","-3.50711","99.89008","212.19","34.3"
"2025000000","","2025年","18501","","若狭町","","14,003","4,692","4,830","-1,304","-9.31229","-138","-2.85714","94.29315","178.49","71.1"
"2025000000","","2025年","19000","","山梨県","","809,974","346,287","338,853","-30,062","-3.71148","7,434","2.19387","96.43605","4,465.27","174.7"
"2025000000","","2025年","19201","","甲府市","","189,591","88,362","87,019","-5,961","-3.14414","1,343","1.54334","96.35582","212.47","864.3"
"2025000000","","2025年","19202","","富士吉田市","","46,530","18,727","18,337","-2,883","-6.19600","390","2.12685","93.29938","121.74","358.5"
"2025000000","","2025年","19204","","都留市","","31,016","14,679","14,044","-706","-2.27624","635","4.52150","92.11510","161.63","187.5"
"2025000000","","2025年","19205","","山梨市","","33,435","12,887","13,001","-2,140","-6.40048","-114","-0.87686","91.46528","289.80","108.0"
"2025000000","","2025年","19206","","大月市","","22,512","8,910","9,254","-2,467","-10.95860","-344","-3.71731","95.54190","280.25","71.5"
"2025000000","","2025年","19207","","韮崎市","","29,067","11,943","11,552","-1,285","-4.42082","391","3.38470","100.23063","143.69","193.3"
"2025000000","","2025年","19208","","南アルプス市","","69,459","27,602","26,059","-209","-0.30090","1,543","5.92118","97.65948","264.14","262.2"
"2025000000","","2025年","19209","","北杜市","","44,053","19,253","18,893","-2,227","-5.05527","360","1.90547","95.04757","602.48","69.4"
"2025000000","","2025年","19210","","甲斐市","","75,313","32,671","31,039","232","0.30805","1,632","5.25790","97.51876","71.95","1,050.0"
"2025000000","","2025年","19211","","笛吹市","","66,947","27,445","26,916","-2,675","-3.99570","529","1.96537","94.81086","201.92","318.3"
"2025000000","","2025年","19212","","上野原市","","22,669","9,404","9,509","-1,796","-7.92271","-105","-1.10422","100.64404","170.57","122.4"
"2025000000","","2025年","19213","","甲州市","","29,237","10,956","11,152","-2,245","-7.67863","-196","-1.75753","92.42889","264.11","102.2"
"2025000000","","2025年","19214","","中央市","","31,216","13,776","13,552","-1,098","-3.51743","224","1.65289","99.54946","31.69","950.4"
"2025000000","","2025年","19346","","市川三郷町","","14,700","5,597","5,803","-1,333","-9.06803","-206","-3.54989","94.54228","75.19","177.8"
"2025000000","","2025年","19364","","早川町","","1,098","602","675","-170","-15.48270","-73","-10.81481","143.56955","369.96","2.5"
"2025000000","","2025年","19365","","身延町","","10,663","4,126","4,588","-1,742","-16.33687","-462","-10.06975","98.37670","301.98","29.5"
"2025000000","","2025年","19366","","南部町","","7,156","2,717","2,819","-827","-11.55674","-102","-3.61830","99.84212","200.87","31.5"
"2025000000","","2025年","19368","","富士川町","","14,219","5,532","5,638","-1,033","-7.26493","-106","-1.88010","93.82625","111.99","117.7"
"2025000000","","2025年","19384","","昭和町","","20,909","9,880","9,117","890","4.25654","763","8.36898","98.93229","9.08","2,400.8"
"2025000000","","2025年","19422","","道志村","","1,607","591","613","-164","-10.20535","-22","-3.58891","97.13115","79.68","18.1"
"2025000000","","2025年","19423","","西桂町","","4,041","1,445","1,484","-433","-10.71517","-39","-2.62803","93.25121","15.22","237.1"
"2025000000","","2025年","19424","","忍野村","","9,237","3,620","3,489","-81","-0.87691","131","3.75466","121.90984","25.05","365.5"
"2025000000","","2025年","19425","","山中湖村","","5,179","2,185","1,969","37","0.71442","216","10.97004","97.65063","53.05","98.3"
"2025000000","","2025年","19429","","鳴沢村","","2,824","1,118","1,056","-63","-2.23088","62","5.87121","98.06313","89.58","30.8"
"2025000000","","2025年","19430","","富士河口湖町","","26,082","11,647","10,653","415","1.59114","994","9.33070","96.66741","158.40","167.3"
"2025000000","","2025年","19442","","小菅村","","684","320","339","-81","-11.84211","-19","-5.60472","107.21649","52.78","11.4"
"2025000000","","2025年","19443","","丹波山村","","530","292","283","-17","-3.20755","9","3.18021","110.24590","101.30","5.1"
"2025000000","","2025年","20000","","長野県","","2,048,011","842,934","832,097","-93,061","-4.54397","10,837","1.30237","95.64310","13,561.57","144.2"
"2025000000","","2025年","20201","","長野市","","372,760","157,938","156,975","-15,648","-4.19788","963","0.61347","94.63266","834.81","427.8"
"2025000000","","2025年","20202","","松本市","","241,145","106,304","104,934","-8,798","-3.64843","1,370","1.30558","95.43352","978.47","237.5"
"2025000000","","2025年","20203","","上田市","","154,055","63,388","64,296","-9,705","-6.29970","-908","-1.41222","95.47966","552.04","261.5"
"2025000000","","2025年","20204","","岡谷市","","47,790","18,896","19,274","-3,255","-6.81105","-378","-1.96119","94.49297","85.10","523.3"
"2025000000","","2025年","20205","","飯田市","","98,164","38,462","38,903","-7,512","-7.65250","-441","-1.13359","94.56977","658.66","137.6"
"2025000000","","2025年","20206","","諏訪市","","48,729","21,170","20,776","-2,327","-4.77539","394","1.89642","94.90087","109.17","425.0"
"2025000000","","2025年","20207","","須坂市","","49,559","19,507","18,839","-1,760","-3.55132","668","3.54584","95.83333","149.67","319.4"
"2025000000","","2025年","20208","","小諸市","","40,991","17,295","16,831","-774","-1.88822","464","2.75682","94.59525","98.55","408.1"
"2025000000","","2025年","20209","","伊那市","","66,125","27,067","26,238","-2,528","-3.82306","829","3.15954","96.03292","667.93","95.2"
"2025000000","","2025年","20210","","駒ヶ根市","","32,202","13,416","12,956","-1,312","-4.07428","460","3.55048","96.62635","165.86","186.2"
"2025000000","","2025年","20211","","中野市","","42,338","16,340","15,799","-2,090","-4.93646","541","3.42427","94.42539","112.18","358.8"
"2025000000","","2025年","20212","","大町市","","26,029","10,491","10,739","-2,079","-7.98724","-248","-2.30934","94.84217","565.15","42.4"
"2025000000","","2025年","20213","","飯山市","","19,539","7,060","7,251","-1,839","-9.41195","-191","-2.63412","94.42004","202.43","87.4"
"2025000000","","2025年","20214","","茅野市","","56,400","24,931","23,848","-1,933","-3.42730","1,083","4.54126","100.68163","266.59","204.3"
"2025000000","","2025年","20215","","塩尻市","","67,241","28,914","27,997","-1,745","-2.59514","917","3.27535","100.39163","289.98","225.9"
"2025000000","","2025年","20217","","佐久市","","98,199","41,883","39,924","-1,129","-1.14971","1,959","4.90682","96.41051","423.51","229.2"
"2025000000","","2025年","20218","","千曲市","","58,852","22,695","22,023","-1,691","-2.87331","672","3.05136","93.12454","119.79","477.2"
"2025000000","","2025年","20219","","東御市","","30,122","11,788","11,260","-1,540","-5.11254","528","4.68917","98.94202","112.37","254.4"
"2025000000","","2025年","20220","","安曇野市","","94,222","38,055","36,491","-2,361","-2.50578","1,564","4.28599","92.90019","331.78","276.9"
"2025000000","","2025年","20303","","小海町","","4,353","1,826","1,788","-297","-6.82288","38","2.12528","97.85366","114.20","35.5"
"2025000000","","2025年","20304","","川上村","","4,344","1,138","1,257","-153","-3.52210","-119","-9.46698","173.56397","209.61","20.0"
"2025000000","","2025年","20305","","南牧村","","3,242","1,162","1,075","100","3.08452","87","8.09302","141.82344","133.09","25.1"
"2025000000","","2025年","20306","","南相木村","","962","404","406","-94","-9.77131","-2","-0.49261","104.71698","66.05","13.1"
"2025000000","","2025年","20307","","北相木村","","752","308","342","-137","-18.21809","-34","-9.94152","107.07071","56.32","10.9"
"2025000000","","2025年","20309","","佐久穂町","","10,218","3,796","3,922","-641","-6.27324","-126","-3.21265","95.32939","188.15","50.9"
"2025000000","","2025年","20321","","軽井沢町","","19,188","8,468","8,586","-723","-3.76798","-118","-1.37433","88.78438","156.03","118.3"
"2025000000","","2025年","20323","","御代田町","","15,555","7,692","6,711","1,000","6.42880","981","14.61779","98.28722","58.79","281.6"
"2025000000","","2025年","20324","","立科町","","6,612","2,608","2,606","-393","-5.94374","2","0.07675","99.13545","66.87","93.0"
"2025000000","","2025年","20349","","青木村","","4,121","1,512","1,553","-340","-8.25042","-41","-2.64005","95.09804","57.10","66.2"
"2025000000","","2025年","20350","","長和町","","5,600","2,278","2,318","-457","-8.16071","-40","-1.72563","99.18668","183.86","28.0"
"2025000000","","2025年","20361","","下諏訪町","","19,155","7,770","7,847","-1,519","-7.93004","-77","-0.98127","91.42516","66.87","263.7"
"2025000000","","2025年","20362","","富士見町","","14,084","5,645","5,610","-714","-5.06958","35","0.62389","95.69672","144.76","92.4"
"2025000000","","2025年","20363","","原村","","7,680","3,153","2,895","113","1.47135","258","8.91192","93.42269","43.26","180.1"
"2025000000","","2025年","20382","","辰野町","","18,555","6,987","7,258","-1,507","-8.12180","-271","-3.73381","93.99181","169.20","100.8"
"2025000000","","2025年","20383","","箕輪町","","24,989","9,706","9,504","-1,131","-4.52599","202","2.12542","100.77422","85.91","277.7"
"2025000000","","2025年","20384","","飯島町","","9,004","3,422","3,391","-506","-5.61972","31","0.91418","95.89673","86.96","97.7"
"2025000000","","2025年","20385","","南箕輪村","","15,797","6,878","6,445","203","1.28505","433","6.71839","98.85657","40.99","390.3"
"2025000000","","2025年","20386","","中川村","","4,651","1,606","1,614","-297","-6.38572","-8","-0.49566","90.54705","77.05","56.5"
"2025000000","","2025年","20388","","宮田村","","8,569","3,315","3,279","-472","-5.50823","36","1.09790","96.05327","54.50","148.6"
"2025000000","","2025年","20402","","松川町","","12,530","4,504","4,428","-697","-5.56265","76","1.71635","95.03873","72.79","162.6"
"2025000000","","2025年","20403","","高森町","","12,811","4,468","4,453","-665","-5.19085","15","0.33685","93.31530","45.36","267.8"
"2025000000","","2025年","20404","","阿南町","","4,299","1,457","1,611","-625","-14.53826","-154","-9.55928","91.45388","123.07","29.9"
"2025000000","","2025年","20407","","阿智村","","6,068","2,214","2,152","-348","-5.73500","62","2.88104","93.50474","214.43","26.7"
"2025000000","","2025年","20409","","平谷村","","387","187","196","-34","-8.78553","-9","-4.59184","100.56818","77.37","4.6"
"2025000000","","2025年","20410","","根羽村","","852","379","383","-67","-7.86385","-4","-1.04439","100.76726","89.97","8.7"
"2025000000","","2025年","20411","","下條村","","3,545","1,141","1,160","-407","-11.48096","-19","-1.63793","91.92661","38.12","82.3"
"2025000000","","2025年","20412","","売木村","","548","251","279","-96","-17.51825","-28","-10.03584","93.99142","43.43","10.4"
"2025000000","","2025年","20413","","天龍村","","1,178","485","563","-213","-18.08149","-78","-13.85435","92.61477","109.44","8.8"
"2025000000","","2025年","20414","","泰阜村","","1,542","572","595","-165","-10.70039","-23","-3.86555","88.88889","64.59","21.3"
"2025000000","","2025年","20415","","喬木村","","5,973","2,029","2,036","-455","-7.61761","-7","-0.34381","96.65004","66.61","82.8"
"2025000000","","2025年","20416","","豊丘村","","6,426","2,224","2,122","-212","-3.29910","102","4.80679","100.19330","76.79","80.9"
"2025000000","","2025年","20417","","大鹿村","","1,023","390","532","-78","-7.62463","-142","-26.69173","133.91089","248.28","3.8"
"2025000000","","2025年","20422","","上松町","","4,131","1,654","1,785","-478","-11.57105","-131","-7.33894","96.50350","168.42","21.7"
"2025000000","","2025年","20423","","南木曽町","","3,915","1,575","1,630","-374","-9.55300","-55","-3.37423","97.93181","215.93","16.4"
"2025000000","","2025年","20425","","木祖村","","2,692","968","1,013","-341","-12.66716","-45","-4.44225","85.41009","140.50","16.7"
"2025000000","","2025年","20429","","王滝村","","715","324","371","-129","-18.04196","-47","-12.66846","94.03974","310.82","1.9"
"2025000000","","2025年","20430","","大桑村","","3,439","1,376","1,477","-456","-13.25967","-101","-6.83819","96.76781","234.47","12.7"
"2025000000","","2025年","20432","","木曽町","","10,584","4,421","4,680","-1,056","-9.97732","-259","-5.53419","93.81611","476.03","20.0"
"2025000000","","2025年","20446","","麻績村","","2,593","933","971","-278","-10.72117","-38","-3.91349","92.43558","34.38","67.3"
"2025000000","","2025年","20448","","生坂村","","1,639","659","665","-142","-8.66382","-6","-0.90226","102.02429","39.05","38.3"
"2025000000","","2025年","20450","","山形村","","8,400","3,008","3,012","-289","-3.44048","-4","-0.13280","95.54002","24.98","324.7"
"2025000000","","2025年","20451","","朝日村","","4,279","1,505","1,474","-229","-5.35172","31","2.10312","96.88867","70.62","57.3"
"2025000000","","2025年","20452","","筑北村","","4,149","1,608","1,687","-403","-9.71318","-79","-4.68287","97.57384","99.47","37.7"
"2025000000","","2025年","20481","","池田町","","9,382","3,549","3,543","-760","-8.10062","6","0.16935","94.05807","40.16","214.7"
"2025000000","","2025年","20482","","松川村","","9,599","3,801","3,577","-168","-1.75018","224","6.26223","91.72596","47.07","200.4"
"2025000000","","2025年","20485","","白馬村","","8,575","3,968","3,709","-184","-2.14577","259","6.98301","99.78571","189.36","44.3"
"2025000000","","2025年","20486","","小谷村","","2,647","1,136","1,145","-227","-8.57575","-9","-0.78603","109.88725","267.91","9.0"
"2025000000","","2025年","20521","","坂城町","","14,004","5,419","5,461","-1,102","-7.86918","-42","-0.76909","98.85943","53.64","240.5"
"2025000000","","2025年","20541","","小布施町","","10,660","3,852","3,680","-186","-1.74484","172","4.67391","91.06166","19.12","547.8"
"2025000000","","2025年","20543","","高山村","","6,617","2,308","2,321","-448","-6.77044","-13","-0.56010","96.40242","98.56","62.6"
"2025000000","","2025年","20561","","山ノ内町","","11,352","4,344","4,419","-1,062","-9.35518","-75","-1.69722","95.59019","265.90","38.7"
"2025000000","","2025年","20562","","木島平村","","4,375","1,558","1,567","-463","-10.58286","-9","-0.57435","94.72374","99.32","39.4"
"2025000000","","2025年","20563","","野沢温泉村","","3,279","1,105","1,153","-366","-11.16194","-48","-4.16305","93.42629","57.96","50.3"
"2025000000","","2025年","20583","","信濃町","","7,739","2,901","3,062","-841","-10.86704","-161","-5.25800","97.82048","149.30","46.2"
"2025000000","","2025年","20588","","小川村","","2,215","915","965","-205","-9.25508","-50","-5.18135","98.22485","58.11","34.6"
"2025000000","","2025年","20590","","飯綱町","","10,296","3,801","3,767","-628","-6.09946","34","0.90257","97.75005","75.00","128.9"
"2025000000","","2025年","20602","","栄村","","1,660","671","692","-193","-11.62651","-21","-3.03468","87.83611","271.66","5.4"
"2025000000","","2025年","21000","","岐阜県","","1,978,742","792,017","780,730","-87,253","-4.40952","11,287","1.44570","94.40703","10,621.29","178.1"
"2025000000","","2025年","21201","","岐阜市","","402,557","174,770","173,386","-13,546","-3.36499","1,384","0.79822","91.10104","203.60","1,910.7"
"2025000000","","2025年","21202","","大垣市","","158,286","64,475","62,277","-3,812","-2.40830","2,198","3.52939","94.42675","206.57","747.8"
"2025000000","","2025年","21203","","高山市","","84,419","33,128","32,748","-5,064","-5.99865","380","1.16038","91.45215","2,177.61","36.4"
"2025000000","","2025年","21204","","多治見市","","106,732","43,345","42,656","-4,937","-4.62560","689","1.61525","92.37093","91.25","1,115.6"
"2025000000","","2025年","21205","","関市","","85,283","33,595","33,438","-4,439","-5.20502","157","0.46953","95.38863","472.33","171.2"
"2025000000","","2025年","21206","","中津川市","","76,570","29,888","29,690","-5,515","-7.20256","198","0.66689","96.16531","676.45","105.0"
"2025000000","","2025年","21207","","美濃市","","19,247","7,277","7,452","-1,657","-8.60913","-175","-2.34836","94.66578","117.01","150.3"
"2025000000","","2025年","21208","","瑞浪市","","37,150","14,516","14,521","-2,086","-5.61507","-5","-0.03443","95.80076","174.86","200.5"
"2025000000","","2025年","21209","","羽島市","","65,649","26,204","24,842","-1,185","-1.80505","1,362","5.48265","96.35699","53.66","1,201.3"
"2025000000","","2025年","21210","","恵那市","","47,774","17,982","18,158","-3,930","-8.22623","-176","-0.96927","94.74105","504.24","87.0"
"2025000000","","2025年","21211","","美濃加茂市","","56,689","23,028","21,880","183","0.32281","1,148","5.24680","98.31230","74.81","760.2"
"2025000000","","2025年","21212","","土岐市","","55,348","20,948","21,359","-4,304","-7.77625","-411","-1.92425","94.54227","116.02","440.0"
"2025000000","","2025年","21213","","各務原市","","144,521","58,782","57,129","-3,295","-2.27995","1,653","2.89345","97.26506","87.81","1,608.3"
"2025000000","","2025年","21214","","可児市","","99,968","40,585","39,996","-2,758","-2.75888","589","1.47265","96.84115","87.57","1,110.1"
"2025000000","","2025年","21215","","山県市","","25,280","9,489","9,511","-1,932","-7.64241","-22","-0.23131","93.27815","221.98","105.2"
"2025000000","","2025年","21216","","瑞穂市","","56,388","23,892","22,502","283","0.50188","1,390","6.17723","98.14342","28.19","2,010.3"
"2025000000","","2025年","21217","","飛騨市","","22,538","8,068","8,196","-2,057","-9.12681","-128","-1.56174","92.88943","792.53","25.8"
"2025000000","","2025年","21218","","本巣市","","32,928","12,159","11,720","-1,143","-3.47121","439","3.74573","94.15430","374.65","84.8"
"2025000000","","2025年","21219","","郡上市","","38,997","14,401","14,562","-3,457","-8.86478","-161","-1.10562","96.46213","1,030.75","34.5"
"2025000000","","2025年","21220","","下呂市","","30,428","11,400","11,686","-3,078","-10.11568","-286","-2.44737","90.26087","851.21","32.1"
"2025000000","","2025年","21221","","海津市","","32,735","11,538","11,600","-2,832","-8.65129","-62","-0.53448","97.21031","112.03","266.9"
"2025000000","","2025年","21302","","岐南町","","25,881","11,116","10,585","247","0.95437","531","5.01653","96.18561","7.91","3,303.2"
"2025000000","","2025年","21303","","笠松町","","22,208","8,899","8,595","-375","-1.68858","304","3.53694","91.50075","10.30","2,119.7"
"2025000000","","2025年","21341","","養老町","","26,882","9,409","9,405","-2,511","-9.34082","4","0.04253","96.61960","72.29","337.1"
"2025000000","","2025年","21361","","垂井町","","26,402","9,716","9,580","-1,453","-5.50337","136","1.41962","96.30970","57.09","437.0"
"2025000000","","2025年","21362","","関ケ原町","","6,610","2,373","2,507","-834","-12.61725","-134","-5.34503","94.41266","49.28","117.2"
"2025000000","","2025年","21381","","神戸町","","18,585","6,970","6,810","-995","-5.35378","160","2.34949","96.33888","18.78","936.6"
"2025000000","","2025年","21382","","輪之内町","","9,654","3,410","3,439","-736","-7.62378","-29","-0.84327","100.49460","22.33","399.4"
"2025000000","","2025年","21383","","安八町","","14,355","5,385","5,013","-463","-3.22536","372","7.42071","96.68696","18.16","765.0"
"2025000000","","2025年","21401","","揖斐川町","","19,529","6,760","7,067","-2,234","-11.43940","-307","-4.34413","93.99888","803.44","21.5"
"2025000000","","2025年","21403","","大野町","","22,041","7,729","7,547","-1,492","-6.76920","182","2.41155","96.24678","34.20","600.8"
"2025000000","","2025年","21404","","池田町","","23,360","8,182","8,395","-1,799","-7.70120","-213","-2.53722","95.40511","38.80","555.7"
"2025000000","","2025年","21421","","北方町","","18,139","7,795","7,418","100","0.55130","377","5.08223","91.08434","5.18","3,521.0"
"2025000000","","2025年","21501","","坂祝町","","8,071","3,287","3,200","43","0.53277","87","2.71875","106.30562","12.87","630.5"
"2025000000","","2025年","21502","","富加町","","5,626","2,114","1,967","169","3.00391","147","7.47331","94.26752","16.82","344.5"
"2025000000","","2025年","21503","","川辺町","","9,860","3,670","3,702","-621","-6.29817","-32","-0.86440","96.49085","41.16","224.5"
"2025000000","","2025年","21504","","七宗町","","3,402","1,224","1,312","-529","-15.54968","-88","-6.70732","90.89701","90.47","31.8"
"2025000000","","2025年","21505","","八百津町","","10,195","3,711","3,879","-954","-9.35753","-168","-4.33101","91.64247","128.79","71.8"
"2025000000","","2025年","21506","","白川町","","7,412","2,733","2,872","-1,004","-13.54560","-139","-4.83983","88.41517","237.90","26.9"
"2025000000","","2025年","21507","","東白川村","","2,016","731","780","-207","-10.26786","-49","-6.28205","86.68731","87.09","20.8"
"2025000000","","2025年","21521","","御嵩町","","17,516","6,689","6,768","-1,013","-5.78328","-79","-1.16726","100.42507","56.69","291.1"
"2025000000","","2025年","21604","","白川村","","1,511","644","580","-31","-2.05162","64","11.03448","105.84145","356.64","4.1"
"2025000000","","2025年","22000","","静岡県","","3,633,202","1,501,036","1,483,472","-164,357","-4.52375","17,564","1.18398","96.93625","7,777.00","446.0"
"2025000000","","2025年","22100","","静岡市","","693,389","296,628","297,421","-33,769","-4.87014","-793","-0.26663","94.23153","1,411.93","467.2"
"2025000000","","2025年","22101","","静岡市葵区","","249,297","105,288","105,124","-11,053","-4.43367","164","0.15601","92.25164","1,073.75","221.9"
"2025000000","","2025年","22102","","静岡市駿河区","","213,026","96,930","96,437","-7,880","-3.69908","493","0.51121","96.28191","73.06","2,807.9"
"2025000000","","2025年","22103","","静岡市清水区","","231,066","94,410","95,860","-14,836","-6.42068","-1,450","-1.51262","94.51091","265.12","815.6"
"2025000000","","2025年","22130","","浜松市","","790,718","331,250","320,749","-24,968","-3.15764","10,501","3.27390","98.32020","1,558.11","491.5"
"2025000000","","2025年","22138","","浜松市中央区","","607,937","263,515","254,516","-16,556","-2.72331","8,999","3.53573","98.61729","268.42","2,203.2"
"2025000000","","2025年","22139","","浜松市浜名区","","156,055","57,693","55,593","-5,348","-3.42700","2,100","3.77745","97.69001","345.85","435.8"
"2025000000","","2025年","22140","","浜松市天竜区","","26,726","10,042","10,640","-3,064","-11.46449","-598","-5.62030","94.98970","943.85","25.1"
"2025000000","","2025年","22203","","沼津市","","189,386","83,054","83,438","-9,948","-5.25276","-384","-0.46022","96.74141","186.84","960.4"
"2025000000","","2025年","22205","","熱海市","","34,208","17,931","18,440","-2,775","-8.11214","-509","-2.76030","82.78188","61.70","509.4"
"2025000000","","2025年","22206","","三島市","","107,783","46,403","46,106","-4,698","-4.35876","297","0.64417","94.33500","62.02","1,662.1"
"2025000000","","2025年","22207","","富士宮市","","128,105","52,251","51,425","-8,920","-6.96304","826","1.60622","98.28146","389.08","306.3"
"2025000000","","2025年","22208","","伊東市","","65,491","30,803","30,820","-4,299","-6.56426","-17","-0.05516","88.12679","124.02","493.4"
"2025000000","","2025年","22209","","島田市","","95,719","35,887","35,395","-4,453","-4.65216","492","1.39003","95.16295","315.70","289.1"
"2025000000","","2025年","22210","","富士市","","245,392","100,037","97,333","-7,599","-3.09668","2,704","2.77809","97.52546","244.94","970.8"
"2025000000","","2025年","22211","","磐田市","","166,672","65,606","65,059","-6,124","-3.67428","547","0.84078","101.35450","163.45","982.2"
"2025000000","","2025年","22212","","焼津市","","136,845","53,941","53,243","-5,910","-4.31875","698","1.31097","95.71456","70.30","1,862.5"
"2025000000","","2025年","22213","","掛川市","","114,954","45,414","43,770","-3,292","-2.86375","1,644","3.75600","100.91766","265.69","420.3"
"2025000000","","2025年","22214","","藤枝市","","141,342","54,196","53,974","-6,829","-4.83154","222","0.41131","94.11086","194.06","693.2"
"2025000000","","2025年","22215","","御殿場市","","86,614","33,454","33,529","-5,472","-6.31769","-75","-0.22369","103.27680","194.90","416.3"
"2025000000","","2025年","22216","","袋井市","","87,864","35,669","34,072","-1,267","-1.44200","1,597","4.68713","101.56181","108.33","799.4"
"2025000000","","2025年","22219","","下田市","","20,183","9,102","9,641","-2,259","-11.19259","-539","-5.59071","92.73118","104.38","171.7"
"2025000000","","2025年","22220","","裾野市","","50,911","20,132","20,717","-3,570","-7.01224","-585","-2.82377","99.70050","138.12","342.8"
"2025000000","","2025年","22221","","湖西市","","57,885","23,460","23,005","-2,674","-4.61950","455","1.97783","107.27184","86.56","637.8"
"2025000000","","2025年","22222","","伊豆市","","28,190","11,401","11,449","-2,444","-8.66974","-48","-0.41925","90.41491","363.97","70.7"
"2025000000","","2025年","22223","","御前崎市","","31,103","11,443","11,500","-2,639","-8.48471","-57","-0.49565","103.67800","65.57","434.1"
"2025000000","","2025年","22224","","菊川市","","47,789","18,377","17,759","-2,254","-4.71657","618","3.47993","101.24188","94.19","483.4"
"2025000000","","2025年","22225","","伊豆の国市","","46,804","19,162","19,085","-2,650","-5.66191","77","0.40346","92.91332","94.62","466.6"
"2025000000","","2025年","22226","","牧之原市","","43,502","15,899","15,904","-3,159","-7.26174","-5","-0.03144","97.07391","111.69","361.2"
"2025000000","","2025年","22301","","東伊豆町","","11,488","5,351","5,502","-1,263","-10.99408","-151","-2.74446","89.00185","77.82","131.4"
"2025000000","","2025年","22302","","河津町","","6,870","2,802","2,936","-730","-10.62591","-134","-4.56403","96.35433","100.69","61.0"
"2025000000","","2025年","22304","","南伊豆町","","7,877","3,148","3,314","-872","-11.07020","-166","-5.00905","90.76797","109.94","63.7"
"2025000000","","2025年","22305","","松崎町","","6,038","2,530","2,663","-807","-13.36535","-133","-4.99437","88.84477","85.11","61.5"
"2025000000","","2025年","22306","","西伊豆町","","7,090","3,128","3,400","-1,004","-14.16079","-272","-8.00000","90.84352","105.41","57.7"
"2025000000","","2025年","22325","","函南町","","36,794","14,663","14,780","-2,026","-5.50633","-117","-0.79161","93.34890","65.16","533.6"
"2025000000","","2025年","22341","","清水町","","31,710","13,290","12,973","-616","-1.94260","317","2.44354","93.82870","8.81","3,529.4"
"2025000000","","2025年","22342","","長泉町","","43,336","18,021","17,482","-79","-0.18230","539","3.08317","97.06164","26.63","1,624.4"
"2025000000","","2025年","22344","","小山町","","18,568","6,510","6,442","-1,422","-7.65834","68","1.05557","110.56122","135.74","126.3"
"2025000000","","2025年","22424","","吉田町","","28,919","11,555","11,265","-1,166","-4.03195","290","2.57435","98.22156","20.73","1,338.8"
"2025000000","","2025年","22429","","川根本町","","6,206","2,443","2,639","-888","-14.30873","-196","-7.42706","98.80374","496.88","10.7"
"2025000000","","2025年","22461","","森町","","17,457","6,095","6,242","-1,512","-8.66128","-147","-2.35501","99.96238","133.91","119.1"
"2025000000","","2025年","23000","","愛知県","","7,542,415","3,350,190","3,238,301","-93,012","-1.23319","111,889","3.45518","99.23592","5,173.26","1,440.0"
"2025000000","","2025年","23100","","名古屋市","","2,332,176","1,181,671","1,122,103","13,716","0.58812","59,568","5.30860","96.42582","326.45","7,186.1"
"2025000000","","2025年","23101","","名古屋市千種区","","165,245","96,599","86,281","7,570","4.58108","10,318","11.95860","94.23527","18.18","9,505.8"
"2025000000","","2025年","23102","","名古屋市東区","","84,392","51,063","45,762","6,207","7.35496","5,301","11.58385","91.26222","7.71","11,750.8"
"2025000000","","2025年","23103","","名古屋市北区","","162,956","81,013","79,169","-2,758","-1.69248","1,844","2.32919","95.50170","17.53","9,138.5"
"2025000000","","2025年","23104","","名古屋市西区","","151,082","79,216","74,257","2,065","1.36681","4,959","6.67816","97.08263","17.93","8,541.4"
"2025000000","","2025年","23105","","名古屋市中村区","","138,599","82,387","74,793","7,242","5.22515","7,594","10.15336","101.99864","16.30","8,947.3"
"2025000000","","2025年","23106","","名古屋市中区","","93,100","74,801","63,159","14,514","15.58969","11,642","18.43284","101.01616","9.38","11,472.7"
"2025000000","","2025年","23107","","名古屋市昭和区","","107,599","56,822","55,059","1,585","1.47306","1,763","3.20202","96.21177","10.94","9,980.3"
"2025000000","","2025年","23108","","名古屋市瑞穂区","","108,332","53,369","51,641","1,049","0.96832","1,728","3.34618","92.15945","11.22","9,748.8"
"2025000000","","2025年","23109","","名古屋市熱田区","","66,957","35,829","33,791","1,048","1.56518","2,038","6.03119","99.70340","8.20","8,293.3"
"2025000000","","2025年","23110","","名古屋市中川区","","220,728","103,714","101,148","-4,426","-2.00518","2,566","2.53688","97.62631","32.02","6,755.2"
"2025000000","","2025年","23111","","名古屋市港区","","143,715","61,121","63,885","-10,960","-7.62620","-2,764","-4.32652","99.70065","45.64","2,908.7"
"2025000000","","2025年","23112","","名古屋市南区","","134,510","66,134","62,606","-2,202","-1.63705","3,528","5.63524","102.42033","18.46","7,167.3"
"2025000000","","2025年","23113","","名古屋市守山区","","176,587","78,276","74,939","-386","-0.21859","3,337","4.45296","94.39866","34.01","5,180.9"
"2025000000","","2025年","23114","","名古屋市緑区","","248,802","104,371","101,566","-1,508","-0.60610","2,805","2.76175","95.60066","37.91","6,523.2"
"2025000000","","2025年","23115","","名古屋市名東区","","164,755","78,124","75,958","-2,793","-1.69524","2,166","2.85158","91.49424","19.45","8,327.1"
"2025000000","","2025年","23116","","名古屋市天白区","","164,817","78,832","78,089","-2,531","-1.53564","743","0.95148","95.50410","21.58","7,520.2"
"2025000000","","2025年","23201","","豊橋市","","371,920","154,228","151,377","-11,889","-3.19666","2,851","1.88338","100.03167","262.05","1,373.9"
"2025000000","","2025年","23202","","岡崎市","","384,654","160,846","156,619","-7,046","-1.83178","4,227","2.69891","101.29002","387.20","975.2"
"2025000000","","2025年","23203","","一宮市","","380,073","152,559","152,075","-11,318","-2.97785","484","0.31826","94.02337","113.82","3,239.8"
"2025000000","","2025年","23204","","瀬戸市","","127,792","52,586","52,273","-4,278","-3.34763","313","0.59878","96.19411","111.40","1,108.7"
"2025000000","","2025年","23205","","半田市","","117,884","49,414","49,006","-4,351","-3.69092","408","0.83255","101.98007","47.42","2,394.2"
"2025000000","","2025年","23206","","春日井市","","308,681","133,450","131,000","-5,561","-1.80154","2,450","1.87023","96.83500","92.78","3,267.1"
"2025000000","","2025年","23207","","豊川市","","184,661","74,981","72,220","-2,136","-1.15671","2,761","3.82304","98.65586","161.14","1,132.7"
"2025000000","","2025年","23208","","津島市","","60,942","24,892","24,258","-3,074","-5.04414","634","2.61357","94.34444","25.09","2,306.4"
"2025000000","","2025年","23209","","碧南市","","72,458","29,136","28,277","-1,109","-1.53054","859","3.03780","106.16331","36.68","1,945.2"
"2025000000","","2025年","23210","","刈谷市","","153,834","68,906","67,708","-1,027","-0.66760","1,198","1.76936","107.89502","50.39","3,032.5"
"2025000000","","2025年","23211","","豊田市","","422,330","180,639","176,840","-10,100","-2.39149","3,799","2.14827","110.18202","918.32","448.9"
"2025000000","","2025年","23212","","安城市","","187,990","78,645","75,310","-1,637","-0.87079","3,335","4.42836","103.57771","86.05","2,165.6"
"2025000000","","2025年","23213","","西尾市","","169,046","64,715","62,024","-2,846","-1.68357","2,691","4.33864","102.00792","161.22","1,030.9"
"2025000000","","2025年","23214","","蒲郡市","","79,538","30,405","30,970","-4,607","-5.79220","-565","-1.82435","97.48307","56.96","1,315.5"
"2025000000","","2025年","23215","","犬山市","","73,090","29,856","29,453","-3,150","-4.30976","403","1.36828","98.39446","74.90","933.8"
"2025000000","","2025年","23216","","常滑市","","58,710","25,547","24,566","-878","-1.49549","981","3.99332","96.71417","55.90","1,034.6"
"2025000000","","2025年","23217","","江南市","","98,255","39,597","38,697","-4,118","-4.19114","900","2.32576","95.30903","30.20","3,117.1"
"2025000000","","2025年","23219","","小牧市","","148,831","63,578","62,633","-4,650","-3.12435","945","1.50879","101.91721","62.81","2,295.5"
"2025000000","","2025年","23220","","稲沢市","","134,751","53,116","52,005","-4,866","-3.61110","1,111","2.13633","96.41750","79.35","1,636.9"
"2025000000","","2025年","23221","","新城市","","44,355","16,339","16,633","-3,691","-8.32150","-294","-1.76757","99.09910","499.23","81.5"
"2025000000","","2025年","23222","","東海市","","113,787","49,669","49,077","-1,300","-1.14249","592","1.20627","106.65981","43.42","2,590.7"
"2025000000","","2025年","23223","","大府市","","93,123","39,037","38,310","-638","-0.68512","727","1.89768","102.05584","33.67","2,746.8"
"2025000000","","2025年","23224","","知多市","","84,364","35,243","34,025","-2,269","-2.68954","1,218","3.57972","99.11955","45.90","1,788.6"
"2025000000","","2025年","23225","","知立市","","72,193","33,150","31,694","375","0.51944","1,456","4.59393","111.32207","16.31","4,449.3"
"2025000000","","2025年","23226","","尾張旭市","","83,144","34,665","33,977","-675","-0.81184","688","2.02490","94.52071","21.03","3,921.5"
"2025000000","","2025年","23227","","高浜市","","46,106","20,139","18,239","2,016","4.37253","1,900","10.41724","109.18971","13.11","3,670.6"
"2025000000","","2025年","23228","","岩倉市","","47,983","22,186","21,498","-597","-1.24419","688","3.20030","98.24290","10.47","4,525.9"
"2025000000","","2025年","23229","","豊明市","","69,295","29,763","29,101","-913","-1.31756","662","2.27484","101.76443","23.22","2,945.0"
"2025000000","","2025年","23230","","日進市","","91,520","39,865","36,460","3,220","3.51836","3,405","9.33900","97.69626","34.91","2,713.8"
"2025000000","","2025年","23231","","田原市","","59,360","22,708","21,300","-3,008","-5.06739","1,408","6.61033","108.63384","191.11","294.9"
"2025000000","","2025年","23232","","愛西市","","60,829","22,049","21,718","-3,021","-4.96638","331","1.52408","94.29954","66.68","866.9"
"2025000000","","2025年","23233","","清須市","","67,352","29,497","28,929","826","1.22639","568","1.96343","101.78767","17.35","3,929.6"
"2025000000","","2025年","23234","","北名古屋市","","86,385","37,233","36,117","-698","-0.80801","1,116","3.08996","97.58117","18.37","4,664.5"
"2025000000","","2025年","23235","","弥富市","","43,025","17,632","17,066","-790","-1.83614","566","3.31654","99.91007","49.26","857.4"
"2025000000","","2025年","23236","","みよし市","","61,952","25,226","24,129","-500","-0.80708","1,097","4.54640","105.26421","32.19","1,909.0"
"2025000000","","2025年","23237","","あま市","","86,126","36,417","34,041","426","0.49462","2,376","6.97982","98.12297","27.49","3,148.5"
"2025000000","","2025年","23238","","長久手市","","60,162","27,911","26,304","3,223","5.35720","1,607","6.10934","95.16288","21.55","2,941.3"
"2025000000","","2025年","23302","","東郷町","","43,903","17,650","16,823","-12","-0.02733","827","4.91589","99.17862","18.03","2,434.3"
"2025000000","","2025年","23342","","豊山町","","15,613","6,924","6,598","162","1.03760","326","4.94089","103.78504","6.18","2,552.6"
"2025000000","","2025年","23361","","大口町","","24,305","9,235","9,150","-804","-3.30796","85","0.92896","100.00851","13.61","1,726.7"
"2025000000","","2025年","23362","","扶桑町","","34,133","14,199","13,509","3","0.00879","690","5.10771","97.48915","11.19","3,050.6"
"2025000000","","2025年","23424","","大治町","","32,399","13,442","13,468","51","0.15741","-26","-0.19305","100.58104","6.59","4,924.1"
"2025000000","","2025年","23425","","蟹江町","","37,338","16,370","16,104","-867","-2.32203","266","1.65176","98.26583","11.09","3,288.6"
"2025000000","","2025年","23427","","飛島村","","4,575","1,574","1,506","-165","-3.60656","68","4.51527","98.73817","22.43","196.6"
"2025000000","","2025年","23441","","阿久比町","","28,383","10,339","10,134","-1,006","-3.54438","205","2.02289","96.51856","23.80","1,150.3"
"2025000000","","2025年","23442","","東浦町","","49,596","20,070","19,406","-638","-1.28639","664","3.42162","98.34704","31.14","1,572.2"
"2025000000","","2025年","23445","","南知多町","","16,617","6,119","6,533","-2,165","-13.02883","-414","-6.33706","93.90849","38.23","378.0"
"2025000000","","2025年","23446","","美浜町","","22,496","9,010","9,530","-1,992","-8.85491","-520","-5.45645","98.64367","46.20","443.8"
"2025000000","","2025年","23447","","武豊町","","43,535","18,379","18,122","-614","-1.41036","257","1.41817","101.84819","26.37","1,627.6"
"2025000000","","2025年","23501","","幸田町","","42,449","15,996","15,810","-858","-2.02125","186","1.17647","102.45826","56.72","733.3"
"2025000000","","2025年","23561","","設楽町","","4,437","1,845","1,845","-508","-11.44918","0","0.00000","105.38421","273.94","14.3"
"2025000000","","2025年","23562","","東栄町","","2,942","1,150","1,294","-478","-16.24745","-144","-11.12828","95.24564","123.38","20.0"
"2025000000","","2025年","23563","","豊根村","","1,017","392","437","-182","-17.89577","-45","-10.29748","95.55035","155.88","5.4"
"2025000000","","2025年","24000","","三重県","","1,770,254","747,898","742,598","-75,358","-4.25690","5,300","0.71371","95.53980","5,774.48","293.5"
"2025000000","","2025年","24201","","津市","","274,537","118,506","117,663","-10,614","-3.86615","843","0.71645","95.10109","711.18","371.1"
"2025000000","","2025年","24202","","四日市市","","305,424","137,441","133,331","-1,515","-0.49603","4,110","3.08255","99.59085","206.50","1,471.7"
"2025000000","","2025年","24203","","伊勢市","","122,765","52,858","51,580","-7,297","-5.94388","1,278","2.47770","89.89886","208.37","554.1"
"2025000000","","2025年","24204","","松阪市","","159,145","65,402","65,481","-8,457","-5.31402","-79","-0.12065","91.40818","623.58","241.6"
"2025000000","","2025年","24205","","桑名市","","138,613","57,717","56,362","-4,682","-3.37775","1,355","2.40410","97.16031","136.65","980.1"
"2025000000","","2025年","24207","","鈴鹿市","","195,670","83,517","82,158","-5,799","-2.96366","1,359","1.65413","98.82405","194.46","976.4"
"2025000000","","2025年","24208","","名張市","","76,387","31,216","31,466","-4,351","-5.69600","-250","-0.79451","92.37302","129.77","555.1"
"2025000000","","2025年","24209","","尾鷲市","","16,252","7,405","8,153","-2,118","-13.03224","-748","-9.17454","86.31690","192.71","73.3"
"2025000000","","2025年","24210","","亀山市","","49,835","21,483","20,617","-667","-1.33842","866","4.20042","102.58756","191.04","257.4"
"2025000000","","2025年","24211","","鳥羽市","","17,525","6,819","7,382","-2,396","-13.67190","-563","-7.62666","88.99438","107.34","140.9"
"2025000000","","2025年","24212","","熊野市","","15,965","6,985","7,751","-1,977","-12.38334","-766","-9.88260","86.35758","373.35","37.5"
"2025000000","","2025年","24214","","いなべ市","","44,973","18,776","18,075","-878","-1.95228","701","3.87828","106.96048","219.83","200.6"
"2025000000","","2025年","24215","","志摩市","","46,057","18,549","19,568","-5,533","-12.01337","-1,019","-5.20748","85.54096","178.93","226.5"
"2025000000","","2025年","24216","","伊賀市","","88,766","35,194","36,615","-6,895","-7.76761","-1,421","-3.88092","95.59224","558.23","146.7"
"2025000000","","2025年","24303","","木曽岬町","","6,023","2,316","2,208","-309","-5.13033","108","4.89130","105.98414","15.74","363.0"
"2025000000","","2025年","24324","","東員町","","25,784","9,676","9,539","-419","-1.62504","137","1.43621","95.08537","22.68","1,118.4"
"2025000000","","2025年","24341","","菰野町","","40,559","15,828","15,382","-1,263","-3.11398","446","2.89949","97.34833","107.01","367.2"
"2025000000","","2025年","24343","","朝日町","","11,021","4,345","4,112","42","0.38109","233","5.66634","96.92061","5.99","1,846.9"
"2025000000","","2025年","24344","","川越町","","15,123","7,332","6,602","671","4.43695","730","11.05726","104.40016","8.72","1,811.2"
"2025000000","","2025年","24441","","多気町","","14,021","4,845","5,124","-1,113","-7.93809","-279","-5.44496","91.31466","103.06","125.2"
"2025000000","","2025年","24442","","明和町","","22,445","8,203","8,067","-1,000","-4.45534","136","1.68588","89.94686","41.06","522.3"
"2025000000","","2025年","24443","","大台町","","8,668","3,416","3,639","-874","-10.08306","-223","-6.12806","90.65558","362.86","21.5"
"2025000000","","2025年","24461","","玉城町","","15,041","5,592","5,404","-670","-4.45449","188","3.47890","91.76675","40.91","351.3"
"2025000000","","2025年","24470","","度会町","","7,847","2,706","2,689","-626","-7.97757","17","0.63221","92.92012","134.98","53.5"
"2025000000","","2025年","24471","","大紀町","","7,815","3,069","3,404","-1,255","-16.05886","-335","-9.84136","87.69671","233.32","28.1"
"2025000000","","2025年","24472","","南伊勢町","","10,989","4,412","4,977","-1,769","-16.09792","-565","-11.35222","86.33791","241.89","38.1"
"2025000000","","2025年","24543","","紀北町","","14,604","6,166","6,814","-2,136","-14.62613","-648","-9.50983","89.31066","256.55","48.6"
"2025000000","","2025年","24561","","御浜町","","8,079","3,532","3,711","-777","-9.61753","-179","-4.82350","88.92626","88.13","82.9"
"2025000000","","2025年","24562","","紀宝町","","10,321","4,592","4,724","-681","-6.59820","-132","-2.79424","86.38824","79.62","121.1"
"2025000000","","2025年","25000","","滋賀県","","1,413,610","590,946","571,374","-21,171","-1.49765","19,572","3.42543","97.12015","4,017.38","346.6"
"2025000000","","2025年","25201","","大津市","","345,070","150,426","146,088","-2,019","-0.58510","4,338","2.96944","92.47982","464.51","738.5"
"2025000000","","2025年","25202","","彦根市","","113,647","50,621","48,212","-2,000","-1.75984","2,409","4.99668","98.80872","196.87","567.1"
"2025000000","","2025年","25203","","長浜市","","113,636","43,012","42,570","-5,551","-4.88490","442","1.03829","94.98313","681.02","158.7"
"2025000000","","2025年","25204","","近江八幡市","","81,122","32,232","31,403","-1,729","-2.13136","829","2.63988","95.58780","177.45","447.4"
"2025000000","","2025年","25206","","草津市","","143,913","70,495","66,944","4,818","3.34786","3,551","5.30443","101.14005","67.82","2,193.0"
"2025000000","","2025年","25207","","守山市","","83,236","33,455","31,796","1,303","1.56543","1,659","5.21764","95.92343","55.73","1,516.9"
"2025000000","","2025年","25208","","栗東市","","68,820","28,176","26,688","309","0.44900","1,488","5.57554","97.96392","52.69","1,312.0"
"2025000000","","2025年","25209","","甲賀市","","88,358","34,462","33,641","-3,376","-3.82082","821","2.44047","99.96235","481.62","176.5"
"2025000000","","2025年","25210","","野洲市","","50,513","20,811","19,659","-500","-0.98984","1,152","5.85991","98.87466","80.15","624.0"
"2025000000","","2025年","25211","","湖南市","","54,460","23,202","22,498","-846","-1.55343","704","3.12917","108.08849","70.40","761.6"
"2025000000","","2025年","25212","","高島市","","46,377","18,035","18,037","-3,247","-7.00132","-2","-0.01109","95.52110","693.05","62.2"
"2025000000","","2025年","25213","","東近江市","","112,819","44,585","42,899","-2,896","-2.56694","1,686","3.93016","99.80551","388.37","283.0"
"2025000000","","2025年","25214","","米原市","","37,225","13,703","13,385","-1,886","-5.06649","318","2.37579","95.37262","250.39","141.1"
"2025000000","","2025年","25383","","日野町","","20,964","8,056","7,932","-954","-4.55066","124","1.56329","102.85888","117.60","170.2"
"2025000000","","2025年","25384","","竜王町","","11,789","4,274","4,435","-854","-7.24404","-161","-3.63021","108.00837","44.55","245.5"
"2025000000","","2025年","25425","","愛荘町","","20,893","8,075","7,841","-478","-2.28785","234","2.98431","99.89229","37.97","537.7"
"2025000000","","2025年","25441","","豊郷町","","7,132","2,668","2,629","-332","-4.65508","39","1.48345","94.45239","7.80","871.8"
"2025000000","","2025年","25442","","甲良町","","6,362","2,147","2,211","-647","-10.16976","-64","-2.89462","93.79451","13.63","419.3"
"2025000000","","2025年","25443","","多賀町","","7,274","2,511","2,506","-286","-3.93181","5","0.19952","93.35916","135.77","51.5"
"2025000000","","2025年","26000","","京都府","","2,578,087","1,219,912","1,190,527","-75,340","-2.92232","29,385","2.46823","90.79553","4,612.09","542.6"
"2025000000","","2025年","26100","","京都市","","1,463,723","754,432","729,524","-32,010","-2.18689","24,908","3.41428","89.05593","827.83","1,729.5"
"2025000000","","2025年","26101","","京都市北区","","117,165","58,602","57,187","-2,816","-2.40345","1,415","2.47434","89.89803","94.88","1,205.2"
"2025000000","","2025年","26102","","京都市上京区","","83,832","50,397","48,004","-741","-0.88391","2,393","4.98500","84.87674","7.03","11,819.5"
"2025000000","","2025年","26103","","京都市左京区","","166,039","88,547","85,726","-3,652","-2.19948","2,821","3.29072","91.97631","246.77","658.1"
"2025000000","","2025年","26104","","京都市中京区","","110,488","64,458","60,634","912","0.82543","3,824","6.30669","83.55275","7.41","15,033.7"
"2025000000","","2025年","26105","","京都市東山区","","36,602","20,473","20,562","-1,409","-3.84952","-89","-0.43284","78.38208","7.48","4,704.9"
"2025000000","","2025年","26106","","京都市下京区","","82,784","51,527","48,309","1,735","2.09582","3,218","6.66128","84.73695","6.78","12,465.9"
"2025000000","","2025年","26107","","京都市南区","","101,977","54,750","50,487","765","0.75017","4,263","8.44376","98.75034","15.78","6,510.9"
"2025000000","","2025年","26108","","京都市右京区","","202,047","99,125","97,849","-5,671","-2.80677","1,276","1.30405","87.10673","292.07","672.4"
"2025000000","","2025年","26109","","京都市伏見区","","277,851","135,991","131,282","-7,669","-2.76011","4,709","3.58693","92.00381","61.68","4,380.4"
"2025000000","","2025年","26110","","京都市山科区","","135,101","65,139","64,402","-6,745","-4.99256","737","1.14437","86.81104","28.70","4,472.3"
"2025000000","","2025年","26111","","京都市西京区","","149,837","65,423","65,082","-6,719","-4.48421","341","0.52395","90.05365","59.24","2,415.9"
"2025000000","","2025年","26201","","福知山市","","77,306","33,519","33,632","-3,757","-4.85991","-113","-0.33599","100.10066","552.54","133.1"
"2025000000","","2025年","26202","","舞鶴市","","80,336","33,771","35,188","-7,245","-9.01837","-1,417","-4.02694","98.00883","342.06","213.7"
"2025000000","","2025年","26203","","綾部市","","31,846","13,738","13,735","-1,961","-6.15776","3","0.02184","92.21122","347.10","86.1"
"2025000000","","2025年","26204","","宇治市","","179,630","74,727","73,595","-6,594","-3.67088","1,132","1.53815","91.04379","67.54","2,562.0"
"2025000000","","2025年","26205","","宮津市","","16,758","6,913","7,292","-1,672","-9.97732","-379","-5.19748","89.35609","172.69","87.4"
"2025000000","","2025年","26206","","亀岡市","","86,174","35,115","34,431","-2,929","-3.39894","684","1.98658","92.56303","224.80","370.3"
"2025000000","","2025年","26207","","城陽市","","74,607","30,868","30,484","-2,838","-3.80393","384","1.25968","91.87520","32.71","2,194.1"
"2025000000","","2025年","26208","","向日市","","56,859","23,874","23,525","-1,597","-2.80870","349","1.48353","90.38793","7.72","7,158.3"
"2025000000","","2025年","26209","","長岡京市","","80,608","35,333","33,728","1,003","1.24429","1,605","4.75866","92.73333","19.17","4,257.2"
"2025000000","","2025年","26210","","八幡市","","70,433","30,428","30,554","-2,820","-4.00381","-126","-0.41238","93.72242","24.35","2,776.7"
"2025000000","","2025年","26211","","京田辺市","","73,753","33,016","31,693","592","0.80268","1,323","4.17442","94.95214","42.92","1,732.2"
"2025000000","","2025年","26212","","京丹後市","","50,860","19,892","20,138","-4,148","-8.15572","-246","-1.22157","91.82785","501.44","93.2"
"2025000000","","2025年","26213","","南丹市","","31,629","13,307","13,195","-1,578","-4.98909","112","0.84881","95.02239","616.40","48.8"
"2025000000","","2025年","26214","","木津川市","","77,907","31,180","29,802","65","0.08343","1,378","4.62385","90.86458","85.13","915.9"
"2025000000","","2025年","26303","","大山崎町","","15,953","6,559","6,549","7","0.04388","10","0.15270","91.61964","5.97","2,673.4"
"2025000000","","2025年","26322","","久御山町","","15,250","6,404","6,322","-567","-3.71803","82","1.29706","95.85167","13.86","1,059.4"
"2025000000","","2025年","26343","","井手町","","7,406","3,276","3,161","-381","-5.14448","115","3.63809","96.77871","18.04","389.4"
"2025000000","","2025年","26344","","宇治田原町","","8,911","3,539","3,421","-458","-5.13971","118","3.44928","106.42247","58.16","145.3"
"2025000000","","2025年","26364","","笠置町","","1,144","477","522","-191","-16.69580","-45","-8.62069","87.59843","23.52","40.5"
"2025000000","","2025年","26365","","和束町","","3,478","1,277","1,379","-501","-14.40483","-102","-7.39666","86.29537","64.93","45.8"
"2025000000","","2025年","26366","","精華町","","36,198","13,738","13,530","-1,661","-4.58865","208","1.53732","91.10779","25.68","1,344.9"
"2025000000","","2025年","26367","","南山城村","","2,391","981","1,023","-250","-10.45588","-42","-4.10557","89.30150","64.11","33.4"
"2025000000","","2025年","26407","","京丹波町","","12,907","5,008","5,217","-1,557","-12.06322","-209","-4.00613","90.91674","303.09","37.4"
"2025000000","","2025年","26463","","伊根町","","1,928","765","849","-237","-12.29253","-84","-9.89399","98.00937","61.95","27.3"
"2025000000","","2025年","26465","","与謝野町","","20,092","7,775","8,038","-2,055","-10.22795","-263","-3.27196","91.13066","108.38","166.4"
"2025000000","","2025年","27000","","大阪府","","8,837,685","4,307,758","4,135,879","-73,107","-0.82722","171,879","4.15580","91.16894","1,905.26","4,600.2"
"2025000000","","2025年","27100","","大阪市","","2,752,412","1,586,014","1,469,718","56,212","2.04228","116,296","7.91281","92.18367","225.34","12,463.9"
"2025000000","","2025年","27102","","大阪市都島区","","107,904","61,514","56,944","2,220","2.05738","4,570","8.02543","92.02092","6.08","18,112.5"
"2025000000","","2025年","27103","","大阪市福島区","","79,328","48,240","42,631","4,895","6.17058","5,609","13.15709","90.47651","4.67","18,034.9"
"2025000000","","2025年","27104","","大阪市此花区","","65,251","32,139","32,318","-2,928","-4.48729","-179","-0.55387","93.02815","19.30","3,229.2"
"2025000000","","2025年","27106","","大阪市西区","","105,862","73,755","63,874","9,587","9.05613","9,881","15.46952","88.47585","5.21","22,159.1"
"2025000000","","2025年","27107","","大阪市港区","","80,948","44,669","42,612","-214","-0.26437","2,057","4.82728","93.62529","7.86","10,271.5"
"2025000000","","2025年","27108","","大阪市大正区","","62,083","31,288","29,859","-1,958","-3.15384","1,429","4.78583","94.29633","9.43","6,375.9"
"2025000000","","2025年","27109","","大阪市天王寺区","","82,148","48,004","42,163","5,634","6.85835","5,841","13.85338","85.55816","4.84","18,136.8"
"2025000000","","2025年","27111","","大阪市浪速区","","75,504","66,369","53,297","11,905","15.76738","13,072","24.52671","100.28183","4.39","19,910.9"
"2025000000","","2025年","27113","","大阪市西淀川区","","95,864","50,443","46,266","1,314","1.37069","4,177","9.02823","94.67917","14.21","6,838.7"
"2025000000","","2025年","27114","","大阪市東淀川区","","177,120","106,290","99,699","887","0.50079","6,591","6.61090","96.10991","13.27","13,414.2"
"2025000000","","2025年","27115","","大阪市東成区","","84,906","51,179","45,487","4,523","5.32707","5,692","12.51347","87.41931","4.54","19,698.0"
"2025000000","","2025年","27116","","大阪市生野区","","127,309","72,349","67,616","1,364","1.07141","4,733","6.99982","91.20453","8.37","15,373.1"
"2025000000","","2025年","27117","","大阪市旭区","","89,670","49,131","45,303","1,075","1.19884","3,828","8.44977","90.86530","6.32","14,358.4"
"2025000000","","2025年","27118","","大阪市城東区","","169,043","87,621","82,712","461","0.27271","4,909","5.93505","89.79286","8.38","20,227.2"
"2025000000","","2025年","27119","","大阪市阿倍野区","","110,995","56,259","53,649","1,461","1.31628","2,610","4.86496","85.19812","5.98","18,805.4"
"2025000000","","2025年","27120","","大阪市住吉区","","153,056","78,873","78,098","-2,597","-1.69676","775","0.99234","86.08727","9.40","16,006.3"
"2025000000","","2025年","27121","","大阪市東住吉区","","127,849","66,650","62,025","3,757","2.93862","4,625","7.45667","88.13220","9.75","13,498.1"
"2025000000","","2025年","27122","","大阪市西成区","","106,111","69,454","66,379","-692","-0.65215","3,075","4.63249","123.05707","7.37","14,303.8"
"2025000000","","2025年","27123","","大阪市淀川区","","183,444","114,722","104,193","6,719","3.66270","10,529","10.10529","98.62025","12.64","15,044.5"
"2025000000","","2025年","27124","","大阪市鶴見区","","112,691","50,247","48,884","-2,791","-2.47668","1,363","2.78823","89.20873","8.17","13,451.7"
"2025000000","","2025年","27125","","大阪市住之江区","","120,072","59,474","59,913","-4,785","-3.98511","-439","-0.73273","91.81572","20.68","5,574.8"
"2025000000","","2025年","27126","","大阪市平野区","","192,152","92,943","92,872","-9,493","-4.94036","71","0.07645","88.23451","15.28","11,954.1"
"2025000000","","2025年","27127","","大阪市北区","","139,376","95,572","85,785","10,244","7.34990","9,787","11.40875","94.30412","10.34","14,470.0"
"2025000000","","2025年","27128","","大阪市中央区","","103,726","78,829","67,139","15,624","15.06276","11,690","17.41164","88.20468","8.87","13,455.5"
"2025000000","","2025年","27140","","堺市","","826,161","371,945","366,079","-22,828","-2.76314","5,866","1.60239","90.18886","149.83","5,361.6"
"2025000000","","2025年","27141","","堺市堺区","","148,682","76,940","73,809","1,409","0.94766","3,131","4.24203","97.25716","23.66","6,343.7"
"2025000000","","2025年","27142","","堺市中区","","121,236","50,652","50,213","-5,471","-4.51269","439","0.87428","90.56594","17.88","6,474.6"
"2025000000","","2025年","27143","","堺市東区","","85,043","37,402","36,889","-1,057","-1.24290","513","1.39066","89.96630","10.49","8,006.3"
"2025000000","","2025年","27144","","堺市西区","","135,375","59,343","58,120","-3,437","-2.53887","1,223","2.10427","90.60676","28.62","4,610.0"
"2025000000","","2025年","27145","","堺市南区","","138,464","57,855","59,706","-10,583","-7.64314","-1,851","-3.10019","84.76442","40.39","3,166.2"
"2025000000","","2025年","27146","","堺市北区","","159,757","74,818","72,497","-2,024","-1.26692","2,321","3.20151","87.22018","15.60","10,111.1"
"2025000000","","2025年","27147","","堺市美原区","","37,604","14,935","14,845","-1,665","-4.42772","90","0.60626","92.64044","13.20","2,722.7"
"2025000000","","2025年","27202","","岸和田市","","190,658","79,714","79,073","-4,924","-2.58263","641","0.81064","89.33129","72.72","2,554.1"
"2025000000","","2025年","27203","","豊中市","","401,558","187,018","176,967","2,921","0.72742","10,051","5.67959","89.29459","36.39","11,115.1"
"2025000000","","2025年","27204","","池田市","","104,993","49,757","48,611","-845","-0.80482","1,146","2.35749","89.27741","22.14","4,704.1"
"2025000000","","2025年","27205","","吹田市","","385,567","190,788","180,099","8,936","2.31763","10,689","5.93507","91.03429","36.09","10,931.1"
"2025000000","","2025年","27206","","泉大津市","","74,412","32,539","32,516","-2,724","-3.66070","23","0.07073","88.81660","14.33","5,002.7"
"2025000000","","2025年","27207","","高槻市","","352,698","155,072","152,869","-7,223","-2.04793","2,203","1.44110","90.07207","105.29","3,281.2"
"2025000000","","2025年","27208","","貝塚市","","84,443","32,808","33,284","-5,669","-6.71340","-476","-1.43012","90.81924","43.93","1,793.2"
"2025000000","","2025年","27209","","守口市","","143,096","68,350","67,860","-2,305","-1.61081","490","0.72207","93.25354","12.71","11,077.2"
"2025000000","","2025年","27210","","枚方市","","397,289","176,211","172,253","-8,297","-2.08840","3,958","2.29778","88.35470","65.12","5,973.5"
"2025000000","","2025年","27211","","茨木市","","287,730","128,843","125,089","-632","-0.21965","3,754","3.00106","91.68236","76.49","3,753.4"
"2025000000","","2025年","27212","","八尾市","","264,642","115,184","114,265","-7,042","-2.66095","919","0.80427","89.31571","41.72","6,174.5"
"2025000000","","2025年","27213","","泉佐野市","","100,131","46,052","43,864","198","0.19774","2,188","4.98815","91.83365","56.50","1,775.7"
"2025000000","","2025年","27214","","富田林市","","108,699","45,525","45,699","-5,403","-4.97061","-174","-0.38075","87.31368","39.72","2,600.6"
"2025000000","","2025年","27215","","寝屋川市","","229,733","103,146","101,538","-7,631","-3.32168","1,608","1.58364","91.99523","24.70","8,992.0"
"2025000000","","2025年","27216","","河内長野市","","101,692","41,517","42,367","-6,821","-6.70751","-850","-2.00628","86.52262","109.63","865.4"
"2025000000","","2025年","27217","","松原市","","117,641","52,760","51,902","-2,826","-2.40222","858","1.65312","91.40938","16.66","6,891.7"
"2025000000","","2025年","27218","","大東市","","119,367","52,503","52,686","-5,725","-4.79613","-183","-0.34734","93.90186","18.27","6,220.1"
"2025000000","","2025年","27219","","和泉市","","184,495","75,911","73,701","-2,780","-1.50682","2,210","2.99860","92.17103","84.98","2,138.3"
"2025000000","","2025年","27220","","箕面市","","136,868","61,472","58,088","3,718","2.71649","3,384","5.82564","90.02730","47.90","2,935.0"
"2025000000","","2025年","27221","","柏原市","","68,775","29,920","30,009","-3,085","-4.48564","-89","-0.29658","91.57189","25.33","2,593.4"
"2025000000","","2025年","27222","","羽曳野市","","108,736","45,142","45,008","-4,553","-4.18721","134","0.29772","88.35174","26.45","3,938.9"
"2025000000","","2025年","27223","","門真市","","119,764","55,536","57,379","-8,062","-6.73157","-1,843","-3.21198","94.63670","12.30","9,081.5"
"2025000000","","2025年","27224","","摂津市","","87,456","40,874","40,243","-994","-1.13657","631","1.56797","96.22804","14.87","5,814.5"
"2025000000","","2025年","27225","","高石市","","55,635","23,302","23,130","-2,111","-3.79437","172","0.74362","88.99718","11.30","4,736.6"
"2025000000","","2025年","27226","","藤井寺市","","63,688","28,039","27,814","-2,559","-4.01803","225","0.80895","88.55336","8.89","6,876.2"
"2025000000","","2025年","27227","","東大阪市","","493,940","239,645","232,303","-11,322","-2.29218","7,342","3.16053","94.07736","61.78","7,811.9"
"2025000000","","2025年","27228","","泉南市","","60,102","22,982","23,123","-3,966","-6.59878","-141","-0.60978","90.23993","48.98","1,146.1"
"2025000000","","2025年","27229","","四條畷市","","55,177","22,830","22,415","-1,722","-3.12087","415","1.85144","92.97834","18.69","2,860.1"
"2025000000","","2025年","27230","","交野市","","75,033","31,078","29,569","540","0.71968","1,509","5.10332","90.24040","25.55","2,957.8"
"2025000000","","2025年","27231","","大阪狭山市","","58,435","24,155","24,216","-956","-1.63601","-61","-0.25190","87.41115","11.92","4,822.1"
"2025000000","","2025年","27232","","阪南市","","51,254","20,688","20,774","-3,597","-7.01799","-86","-0.41398","89.24274","36.13","1,319.0"
"2025000000","","2025年","27301","","島本町","","30,927","13,270","12,747","690","2.23106","523","4.10293","88.02855","16.81","1,880.8"
"2025000000","","2025年","27321","","豊能町","","18,279","7,331","7,580","-1,572","-8.60003","-249","-3.28496","89.80913","34.34","486.5"
"2025000000","","2025年","27322","","能勢町","","9,079","3,381","3,645","-1,186","-13.06311","-264","-7.24280","91.67071","98.75","79.9"
"2025000000","","2025年","27341","","忠岡町","","16,567","6,647","6,749","-927","-5.59546","-102","-1.51134","92.27932","3.97","3,939.5"
"2025000000","","2025年","27361","","熊取町","","43,763","17,254","17,256","-1,252","-2.86086","-2","-0.01159","92.29656","17.24","2,465.8"
"2025000000","","2025年","27362","","田尻町","","8,434","3,757","3,734","-325","-3.85345","23","0.61596","98.99387","5.62","1,442.9"
"2025000000","","2025年","27366","","岬町","","14,741","5,856","6,273","-1,676","-11.36965","-417","-6.64754","86.00513","49.14","265.9"
"2025000000","","2025年","27381","","太子町","","13,009","4,892","5,048","-947","-7.27958","-156","-3.09033","94.39162","14.17","851.2"
"2025000000","","2025年","27382","","河南町","","15,697","6,229","6,392","-1,199","-7.63840","-163","-2.55006","94.81322","25.26","574.0"
"2025000000","","2025年","27383","","千早赤阪村","","4,909","1,821","1,944","-636","-12.95580","-123","-6.32716","87.74165","37.30","114.6"
"2025000000","","2025年","28000","","兵庫県","","5,465,002","2,462,107","2,402,484","-141,177","-2.58329","59,623","2.48172","90.20223","8,400.82","633.7"
"2025000000","","2025年","28100","","神戸市","","1,525,152","766,349","734,920","-27,522","-1.80454","31,429","4.27652","88.25989","556.93","2,689.1"
"2025000000","","2025年","28101","","神戸市東灘区","","213,562","105,196","102,465","-1,641","-0.76840","2,731","2.66530","86.79847","34.03","6,227.5"
"2025000000","","2025年","28102","","神戸市灘区","","136,747","73,275","70,009","536","0.39196","3,266","4.66511","86.64754","32.65","4,204.7"
"2025000000","","2025年","28105","","神戸市兵庫区","","109,144","67,342","61,186","2,700","2.47380","6,156","10.06113","93.71287","14.64","7,639.6"
"2025000000","","2025年","28106","","神戸市長田区","","94,791","53,294","49,601","-1,695","-1.78814","3,693","7.44541","89.14647","11.34","8,209.5"
"2025000000","","2025年","28107","","神戸市須磨区","","158,719","76,373","74,352","-6,065","-3.82122","2,021","2.71815","85.26196","28.93","5,276.7"
"2025000000","","2025年","28108","","神戸市垂水区","","215,302","98,554","97,680","-8,477","-3.93726","874","0.89476","85.48496","28.07","7,368.2"
"2025000000","","2025年","28109","","神戸市北区","","210,492","91,794","88,489","-6,877","-3.26711","3,305","3.73493","89.23327","240.29","847.4"
"2025000000","","2025年","28110","","神戸市中央区","","147,518","97,079","90,870","4,606","3.12233","6,209","6.83284","86.36252","28.98","5,249.3"
"2025000000","","2025年","28111","","神戸市西区","","238,877","103,442","100,268","-10,609","-4.44120","3,174","3.16552","92.75647","138.01","1,654.0"
"2025000000","","2025年","28201","","姫路市","","530,495","230,210","224,106","-12,184","-2.29672","6,104","2.72371","93.74736","534.56","969.6"
"2025000000","","2025年","28202","","尼崎市","","459,593","229,703","221,404","-2,431","-0.52895","8,299","3.74835","91.69022","50.70","9,017.0"
"2025000000","","2025年","28203","","明石市","","303,601","137,035","133,647","3,442","1.13372","3,388","2.53504","92.96681","49.41","6,214.2"
"2025000000","","2025年","28204","","西宮市","","485,587","222,598","215,651","-2,753","-0.56694","6,947","3.22141","86.06535","99.95","4,830.8"
"2025000000","","2025年","28205","","洲本市","","41,236","17,729","17,792","-2,616","-6.34397","-63","-0.35409","91.80531","182.38","211.8"
"2025000000","","2025年","28206","","芦屋市","","93,922","42,017","42,522","-2,219","-2.36260","-505","-1.18762","79.70057","18.47","4,965.0"
"2025000000","","2025年","28207","","伊丹市","","198,138","83,803","82,481","-2,986","-1.50703","1,322","1.60279","91.12125","25.00","7,806.1"
"2025000000","","2025年","28208","","相生市","","28,355","11,352","11,806","-2,321","-8.18551","-454","-3.84550","93.36007","90.40","288.0"
"2025000000","","2025年","28209","","豊岡市","","77,489","30,202","30,180","-5,656","-7.29910","22","0.07290","91.92829","697.55","103.0"
"2025000000","","2025年","28210","","加古川市","","260,878","108,337","107,195","-7,658","-2.93547","1,142","1.06535","94.64238","138.48","1,828.6"
"2025000000","","2025年","28212","","赤穂市","","45,892","18,625","18,911","-3,178","-6.92495","-286","-1.51235","92.48344","126.85","336.7"
"2025000000","","2025年","28213","","西脇市","","38,673","14,984","15,167","-2,874","-7.43154","-183","-1.20657","92.34365","132.44","270.3"
"2025000000","","2025年","28214","","宝塚市","","226,432","94,722","95,465","-9,269","-4.09350","-743","-0.77830","83.75769","101.80","2,133.2"
"2025000000","","2025年","28215","","三木市","","75,294","30,348","30,370","-4,046","-5.37360","-22","-0.07244","92.16226","176.51","403.6"
"2025000000","","2025年","28216","","高砂市","","87,722","36,920","36,712","-4,341","-4.94859","208","0.56657","93.61663","34.38","2,425.3"
"2025000000","","2025年","28217","","川西市","","152,321","65,575","63,331","-2,623","-1.72202","2,244","3.54329","88.02738","53.44","2,801.2"
"2025000000","","2025年","28218","","小野市","","47,562","18,622","17,810","-1,393","-2.92881","812","4.55924","95.06929","92.94","496.8"
"2025000000","","2025年","28219","","三田市","","109,238","43,813","42,401","-4,114","-3.76609","1,412","3.33011","92.08800","210.32","499.8"
"2025000000","","2025年","28220","","加西市","","42,700","16,528","16,245","-2,426","-5.68150","283","1.74207","97.03523","150.98","266.8"
"2025000000","","2025年","28221","","丹波篠山市","","39,611","15,500","15,605","-2,574","-6.49819","-105","-0.67286","91.60372","377.59","98.1"
"2025000000","","2025年","28222","","養父市","","22,129","7,909","8,388","-2,372","-10.71897","-479","-5.71054","92.05794","422.91","46.7"
"2025000000","","2025年","28223","","丹波市","","61,471","23,205","23,033","-3,891","-6.32981","172","0.74675","92.80739","493.21","116.7"
"2025000000","","2025年","28224","","南あわじ市","","44,137","17,061","17,047","-3,030","-6.86499","14","0.08213","91.49818","229.01","179.5"
"2025000000","","2025年","28225","","朝来市","","28,989","11,100","11,399","-2,474","-8.53427","-299","-2.62304","92.02636","403.06","65.8"
"2025000000","","2025年","28226","","淡路市","","41,967","17,452","17,494","-2,495","-5.94515","-42","-0.24008","90.19901","184.24","214.2"
"2025000000","","2025年","28227","","宍粟市","","34,819","12,500","12,882","-3,550","-10.19558","-382","-2.96538","91.35304","658.54","47.5"
"2025000000","","2025年","28228","","加東市","","40,645","17,246","17,070","-1,145","-2.81707","176","1.03105","99.23333","157.55","250.7"
"2025000000","","2025年","28229","","たつの市","","74,316","27,766","27,757","-4,652","-6.25976","9","0.03242","94.22868","210.87","330.4"
"2025000000","","2025年","28301","","猪名川町","","29,680","10,763","10,995","-2,245","-7.56402","-232","-2.11005","87.97533","90.33","303.7"
"2025000000","","2025年","28365","","多可町","","19,261","6,405","6,562","-1,915","-9.94237","-157","-2.39256","93.55055","185.19","93.7"
"2025000000","","2025年","28381","","稲美町","","30,268","11,544","11,384","-881","-2.91066","160","1.40548","94.44849","34.92","841.6"
"2025000000","","2025年","28382","","播磨町","","33,604","13,986","13,792","-354","-1.05345","194","1.40661","94.72914","9.13","3,641.8"
"2025000000","","2025年","28442","","市川町","","11,231","4,075","4,324","-1,315","-11.70866","-249","-5.75856","94.73684","82.67","119.9"
"2025000000","","2025年","28443","","福崎町","","19,377","7,674","7,795","-1,048","-5.40847","-121","-1.55228","95.40512","45.79","400.3"
"2025000000","","2025年","28446","","神河町","","10,616","3,669","3,779","-1,132","-10.66315","-110","-2.91082","88.77389","202.23","46.9"
"2025000000","","2025年","28464","","太子町","","33,477","13,185","12,757","-865","-2.58386","428","3.35502","95.48043","22.61","1,442.4"
"2025000000","","2025年","28481","","上郡町","","13,879","5,472","5,537","-1,059","-7.63023","-65","-1.17392","94.77363","150.26","85.3"
"2025000000","","2025年","28501","","佐用町","","15,863","5,763","5,927","-1,722","-10.85545","-164","-2.76700","92.78800","307.44","46.0"
"2025000000","","2025年","28585","","香美町","","16,064","5,568","5,912","-2,033","-12.65563","-344","-5.81867","89.63373","368.77","38.0"
"2025000000","","2025年","28586","","新温泉町","","13,318","4,792","4,929","-1,257","-9.43835","-137","-2.77947","91.99300","241.01","50.0"
"2025000000","","2025年","29000","","奈良県","","1,324,473","544,878","544,981","-55,293","-4.17472","-103","-0.01890","88.33973","3,690.94","343.9"
"2025000000","","2025年","29201","","奈良市","","354,630","151,470","155,305","-16,214","-4.57209","-3,835","-2.46933","85.18887","276.94","1,222.0"
"2025000000","","2025年","29202","","大和高田市","","61,744","27,206","26,095","-2,222","-3.59873","1,111","4.25752","87.40004","16.48","3,611.8"
"2025000000","","2025年","29203","","大和郡山市","","83,285","35,516","34,216","-2,265","-2.71958","1,300","3.79939","88.40108","42.69","1,897.9"
"2025000000","","2025年","29204","","天理市","","63,889","25,090","25,619","-4,305","-6.73825","-529","-2.06487","95.69101","86.42","689.5"
"2025000000","","2025年","29205","","橿原市","","120,922","51,957","51,330","-3,225","-2.66701","627","1.22151","89.14137","39.56","2,975.2"
"2025000000","","2025年","29206","","桜井市","","54,857","22,331","22,011","-2,420","-4.41147","320","1.45382","88.37836","98.91","530.1"
"2025000000","","2025年","29207","","五條市","","27,927","10,666","10,897","-2,651","-9.49261","-231","-2.11985","90.34566","292.02","86.6"
"2025000000","","2025年","29208","","御所市","","24,096","9,783","9,996","-2,553","-10.59512","-213","-2.13085","85.73153","60.58","355.6"
"2025000000","","2025年","29209","","生駒市","","116,675","48,715","47,666","-1,908","-1.63531","1,049","2.20073","89.14727","53.15","2,159.3"
"2025000000","","2025年","29210","","香芝市","","78,113","30,366","29,609","-671","-0.85901","757","2.55666","89.24295","24.26","3,192.2"
"2025000000","","2025年","29211","","葛城市","","36,832","13,816","13,288","9","0.02444","528","3.97351","90.71802","33.72","1,092.6"
"2025000000","","2025年","29212","","宇陀市","","28,121","10,318","10,852","-2,888","-10.26991","-534","-4.92075","89.80743","247.50","102.0"
"2025000000","","2025年","29322","","山添村","","3,226","1,059","1,110","-399","-12.36826","-51","-4.59459","95.10007","66.52","42.5"
"2025000000","","2025年","29342","","平群町","","18,009","7,311","7,173","-654","-3.63152","138","1.92388","87.86534","23.90","726.2"
"2025000000","","2025年","29343","","三郷町","","23,219","9,529","9,494","-905","-3.89767","35","0.36865","89.16582","8.79","2,538.6"
"2025000000","","2025年","29344","","斑鳩町","","27,587","11,066","10,902","-582","-2.10969","164","1.50431","89.25643","14.27","1,892.4"
"2025000000","","2025年","29345","","安堵町","","7,225","3,093","3,068","-439","-6.07612","25","0.81486","89.50014","4.31","1,574.5"
"2025000000","","2025年","29361","","川西町","","8,167","3,161","3,206","-557","-6.82013","-45","-1.40362","94.28134","5.93","1,283.3"
"2025000000","","2025年","29362","","三宅町","","6,439","2,654","2,645","-390","-6.05684","9","0.34026","91.90990","4.06","1,489.9"
"2025000000","","2025年","29363","","田原本町","","31,177","12,265","11,905","-621","-1.99185","360","3.02394","90.59381","21.09","1,448.8"
"2025000000","","2025年","29385","","曽爾村","","1,295","541","593","-148","-11.42857","-52","-8.76897","82.06349","47.76","24.0"
"2025000000","","2025年","29386","","御杖村","","1,479","618","705","-253","-17.10615","-87","-12.34043","88.32565","79.58","15.4"
"2025000000","","2025年","29401","","高取町","","6,729","2,240","2,320","-691","-10.26898","-80","-3.44828","86.76152","25.79","234.1"
"2025000000","","2025年","29402","","明日香村","","5,179","1,779","1,786","-380","-7.33732","-7","-0.39194","90.43651","24.10","199.1"
"2025000000","","2025年","29424","","上牧町","","21,714","8,559","8,558","-805","-3.70729","1","0.01168","86.18878","6.14","3,405.4"
"2025000000","","2025年","29425","","王寺町","","24,043","10,098","10,031","-621","-2.58287","67","0.66793","90.15994","7.01","3,341.2"
"2025000000","","2025年","29426","","広陵町","","33,810","12,346","11,921","-332","-0.98196","425","3.56514","90.47565","16.30","2,053.9"
"2025000000","","2025年","29427","","河合町","","17,018","6,640","6,792","-1,313","-7.71536","-152","-2.23793","87.43287","8.23","1,908.3"
"2025000000","","2025年","29441","","吉野町","","6,229","2,414","2,659","-984","-15.79708","-245","-9.21399","84.94358","95.65","54.8"
"2025000000","","2025年","29442","","大淀町","","16,728","6,322","6,509","-1,655","-9.89359","-187","-2.87295","90.33969","38.10","395.6"
"2025000000","","2025年","29443","","下市町","","5,037","1,840","2,139","-929","-18.44352","-299","-13.97849","87.92315","61.99","66.3"
"2025000000","","2025年","29444","","黒滝村","","623","271","307","-108","-17.33547","-36","-11.72638","93.60902","47.70","10.8"
"2025000000","","2025年","29446","","天川村","","1,176","515","561","-151","-12.84014","-46","-8.19964","95.61069","175.66","5.8"
"2025000000","","2025年","29447","","野迫川村","","357","179","204","-67","-18.76751","-25","-12.25490","110.14493","154.90","1.9"
"2025000000","","2025年","29449","","十津川村","","3,061","1,273","1,410","-468","-15.28912","-137","-9.71631","113.41564","672.38","3.9"
"2025000000","","2025年","29450","","下北山村","","753","425","447","-52","-6.90571","-22","-4.92170","105.57185","133.39","5.3"
"2025000000","","2025年","29451","","上北山村","","444","244","265","-69","-15.54054","-21","-7.92453","114.28571","274.22","1.4"
"2025000000","","2025年","29452","","川上村","","1,156","536","625","-186","-16.08997","-89","-14.24000","86.53846","269.26","3.6"
"2025000000","","2025年","29453","","東吉野村","","1,502","666","762","-221","-14.71372","-96","-12.59843","87.55490","131.65","9.7"
"2025000000","","2025年","30000","","和歌山県","","922,584","389,058","394,483","-58,322","-6.32159","-5,425","-1.37522","89.05643","4,724.65","182.9"
"2025000000","","2025年","30201","","和歌山市","","356,729","157,485","157,666","-14,782","-4.14376","-181","-0.11480","89.02752","208.84","1,637.4"
"2025000000","","2025年","30202","","海南市","","48,369","19,202","20,088","-4,464","-9.22905","-886","-4.41059","86.19593","101.06","434.4"
"2025000000","","2025年","30203","","橋本市","","60,818","24,178","24,028","-3,998","-6.57371","150","0.62427","89.41263","130.55","435.2"
"2025000000","","2025年","30204","","有田市","","26,538","9,551","10,270","-3,504","-13.20371","-719","-7.00097","89.33092","36.83","625.4"
"2025000000","","2025年","30205","","御坊市","","23,481","9,750","10,123","-2,466","-10.50211","-373","-3.68468","92.92206","43.91","478.6"
"2025000000","","2025年","30206","","田辺市","","69,870","30,355","31,215","-5,554","-7.94905","-860","-2.75509","87.55395","1,026.89","62.6"
"2025000000","","2025年","30207","","新宮市","","27,171","12,147","13,123","-2,829","-10.41184","-976","-7.43732","86.94417","255.23","95.4"
"2025000000","","2025年","30208","","紀の川市","","58,816","23,649","23,351","-2,965","-5.04115","298","1.27618","89.52459","228.21","244.7"
"2025000000","","2025年","30209","","岩出市","","53,967","23,202","21,999","-488","-0.90426","1,203","5.46843","91.72223","38.51","1,388.7"
"2025000000","","2025年","30304","","紀美野町","","8,256","3,206","3,474","-1,021","-12.36676","-268","-7.71445","85.75096","128.34","56.4"
"2025000000","","2025年","30341","","かつらぎ町","","15,967","6,095","6,223","-1,395","-8.73677","-128","-2.05689","87.66259","151.69","96.1"
"2025000000","","2025年","30343","","九度山町","","3,856","1,387","1,528","-412","-10.68465","-141","-9.22775","81.83738","44.15","78.0"
"2025000000","","2025年","30344","","高野町","","2,970","1,367","1,408","-381","-12.82828","-41","-2.91193","104.82595","137.03","18.9"
"2025000000","","2025年","30361","","湯浅町","","11,122","4,361","4,599","-1,090","-9.80040","-238","-5.17504","86.12245","20.80","482.3"
"2025000000","","2025年","30362","","広川町","","6,781","2,449","2,481","-686","-10.11650","-32","-1.28980","89.58009","65.35","93.3"
"2025000000","","2025年","30366","","有田川町","","25,258","9,513","9,506","-1,439","-5.69720","7","0.07364","89.20486","351.84","67.7"
"2025000000","","2025年","30381","","美浜町","","6,867","2,685","2,863","-827","-12.04310","-178","-6.21725","86.99690","12.77","473.0"
"2025000000","","2025年","30382","","日高町","","7,673","2,996","2,896","3","0.03910","100","3.45304","90.23544","46.21","166.1"
"2025000000","","2025年","30383","","由良町","","5,364","2,075","2,261","-728","-13.57196","-186","-8.22645","99.22647","30.93","149.9"
"2025000000","","2025年","30390","","印南町","","7,720","2,890","2,993","-793","-10.27202","-103","-3.44136","89.41756","113.62","61.0"
"2025000000","","2025年","30391","","みなべ町","","11,818","4,225","4,277","-1,120","-9.47707","-52","-1.21581","90.72919","120.28","88.9"
"2025000000","","2025年","30392","","日高川町","","9,219","3,458","3,592","-864","-9.37195","-134","-3.73051","92.28999","331.59","25.2"
"2025000000","","2025年","30401","","白浜町","","20,262","8,953","9,382","-1,814","-8.95272","-429","-4.57259","86.94771","200.99","91.8"
"2025000000","","2025年","30404","","上富田町","","15,236","6,640","6,368","-145","-0.95169","272","4.27136","90.20671","57.37","263.0"
"2025000000","","2025年","30406","","すさみ町","","3,685","1,647","1,790","-475","-12.89009","-143","-7.98883","91.87089","174.45","18.4"
"2025000000","","2025年","30421","","那智勝浦町","","14,137","6,398","6,795","-1,413","-9.99505","-397","-5.84253","87.47606","183.30","69.4"
"2025000000","","2025年","30422","","太地町","","2,791","1,297","1,315","-104","-3.72626","-18","-1.36882","81.43147","5.81","462.5"
"2025000000","","2025年","30424","","古座川町","","2,480","1,127","1,248","-313","-12.62097","-121","-9.69551","86.48881","294.23","7.4"
"2025000000","","2025年","30427","","北山村","","404","193","223","-48","-11.88119","-30","-13.45291","87.36842","48.20","7.4"
"2025000000","","2025年","30428","","串本町","","14,959","6,577","7,398","-2,207","-14.75366","-821","-11.09759","92.51208","135.67","94.0"
"2025000000","","2025年","31000","","鳥取県","","553,407","220,185","219,742","-29,675","-5.36224","443","0.20160","91.70910","3,507.05","149.3"
"2025000000","","2025年","31201","","鳥取市","","188,465","77,401","77,029","-9,099","-4.82795","372","0.48293","94.31883","765.31","234.4"
"2025000000","","2025年","31202","","米子市","","147,317","63,322","62,134","-4,071","-2.76343","1,188","1.91200","90.15545","132.42","1,081.8"
"2025000000","","2025年","31203","","倉吉市","","46,485","18,182","18,309","-3,234","-6.95708","-127","-0.69365","89.23259","272.06","159.0"
"2025000000","","2025年","31204","","境港市","","32,740","13,290","13,128","-1,681","-5.13439","162","1.23400","91.23822","29.11","1,067.0"
"2025000000","","2025年","31302","","岩美町","","10,799","3,961","3,926","-686","-6.35244","35","0.89149","92.00684","122.31","82.7"
"2025000000","","2025年","31325","","若桜町","","2,864","1,040","1,182","-527","-18.40084","-142","-12.01354","90.30945","199.18","11.7"
"2025000000","","2025年","31328","","智頭町","","6,427","2,221","2,400","-772","-12.01183","-179","-7.45833","86.01974","224.70","25.2"
"2025000000","","2025年","31329","","八頭町","","15,937","5,223","5,326","-1,435","-9.00420","-103","-1.93391","91.64795","206.71","70.2"
"2025000000","","2025年","31364","","三朝町","","6,060","2,121","2,230","-714","-11.78218","-109","-4.88789","93.97678","233.52","22.9"
"2025000000","","2025年","31370","","湯梨浜町","","16,055","5,709","5,682","-625","-3.89287","27","0.47518","91.58182","77.93","198.0"
"2025000000","","2025年","31371","","琴浦町","","16,365","5,637","5,769","-1,594","-9.74030","-132","-2.28809","89.63923","139.97","105.5"
"2025000000","","2025年","31372","","北栄町","","14,228","4,998","4,987","-754","-5.29941","11","0.22057","92.54073","56.94","236.6"
"2025000000","","2025年","31384","","日吉津村","","3,501","1,294","1,243","-11","-0.31420","51","4.10298","88.85281","4.20","831.0"
"2025000000","","2025年","31386","","大山町","","15,370","5,064","5,247","-1,434","-9.32986","-183","-3.48771","90.74733","189.75","73.4"
"2025000000","","2025年","31389","","南部町","","10,323","3,559","3,548","-774","-7.49782","11","0.31003","90.98000","114.03","83.7"
"2025000000","","2025年","31390","","伯耆町","","10,696","3,560","3,648","-935","-8.74159","-88","-2.41228","90.98024","139.44","70.0"
"2025000000","","2025年","31401","","日南町","","4,196","1,614","1,791","-608","-14.48999","-177","-9.88275","92.17997","340.96","10.5"
"2025000000","","2025年","31402","","日野町","","2,907","1,096","1,210","-413","-14.20709","-114","-9.42149","83.78777","133.98","18.6"
"2025000000","","2025年","31403","","江府町","","2,672","893","953","-308","-11.52695","-60","-6.29591","86.14173","124.52","19.0"
"2025000000","","2025年","32000","","島根県","","671,126","267,035","269,892","-41,666","-6.20837","-2,857","-1.05857","93.49425","6,707.79","93.8"
"2025000000","","2025年","32201","","松江市","","203,616","85,220","85,593","-10,030","-4.92594","-373","-0.43578","93.77784","572.96","337.9"
"2025000000","","2025年","32202","","浜田市","","54,592","22,574","24,370","-5,716","-10.47040","-1,796","-7.36972","96.64454","690.64","70.8"
"2025000000","","2025年","32203","","出雲市","","172,775","67,334","64,408","-3,236","-1.87296","2,926","4.54291","93.67253","624.32","271.6"
"2025000000","","2025年","32204","","益田市","","45,003","18,424","18,870","-3,514","-7.80837","-446","-2.36354","90.46504","733.19","56.6"
"2025000000","","2025年","32205","","大田市","","32,846","12,802","13,343","-3,031","-9.22791","-541","-4.05456","93.07732","435.34","68.5"
"2025000000","","2025年","32206","","安来市","","37,062","12,598","12,835","-3,495","-9.43014","-237","-1.84651","92.10782","420.93","79.7"
"2025000000","","2025年","32207","","江津市","","22,959","9,432","9,953","-2,539","-11.05884","-521","-5.23460","89.95349","268.24","76.1"
"2025000000","","2025年","32209","","雲南市","","36,007","12,125","12,432","-3,277","-9.10101","-307","-2.46943","93.35972","553.18","59.2"
"2025000000","","2025年","32343","","奥出雲町","","11,849","4,129","4,356","-1,498","-12.64242","-227","-5.21120","92.18344","368.01","28.1"
"2025000000","","2025年","32386","","飯南町","","4,577","1,689","1,769","-450","-9.83177","-80","-4.52233","91.15331","242.88","17.0"
"2025000000","","2025年","32441","","川本町","","3,248","1,307","1,407","-295","-9.08251","-100","-7.10732","90.76227","106.43","27.7"
"2025000000","","2025年","32448","","美郷町","","4,355","1,690","1,844","-584","-13.40987","-154","-8.35141","95.18634","282.92","13.3"
"2025000000","","2025年","32449","","邑南町","","10,163","3,754","3,994","-1,028","-10.11512","-240","-6.00901","93.29242","419.29","21.8"
"2025000000","","2025年","32501","","津和野町","","6,875","2,801","3,090","-775","-11.27273","-289","-9.35275","88.91298","307.03","19.9"
"2025000000","","2025年","32505","","吉賀町","","6,077","2,547","2,833","-776","-12.76946","-286","-10.09531","94.88971","336.50","15.8"
"2025000000","","2025年","32525","","海士町","","2,267","1,271","1,068","80","3.52889","203","19.00749","92.21949","33.44","70.2"
"2025000000","","2025年","32526","","西ノ島町","","2,788","1,329","1,415","-387","-13.88092","-86","-6.07774","101.42617","55.97","42.9"
"2025000000","","2025年","32527","","知夫村","","634","321","350","-59","-9.30599","-29","-8.28571","109.09091","13.70","42.0"
"2025000000","","2025年","32528","","隠岐の島町","","13,433","5,688","5,962","-1,056","-7.86124","-274","-4.59577","97.90534","242.83","51.0"
"2025000000","","2025年","33000","","岡山県","","1,888,432","806,170","801,409","-79,768","-4.22403","4,761","0.59408","92.42539","7,114.44","254.2"
"2025000000","","2025年","33100","","岡山市","","724,691","334,408","327,620","-16,775","-2.31478","6,788","2.07191","92.49088","789.95","896.2"
"2025000000","","2025年","33101","","岡山市北区","","314,523","159,628","155,323","-3,331","-1.05906","4,305","2.77164","95.22465","450.70","690.5"
"2025000000","","2025年","33102","","岡山市中区","","149,232","66,159","65,547","-3,906","-2.61740","612","0.93368","88.55630","51.24","2,836.2"
"2025000000","","2025年","33103","","岡山市東区","","93,108","37,705","37,471","-4,457","-4.78691","234","0.62448","90.03022","160.53","552.2"
"2025000000","","2025年","33104","","岡山市南区","","167,828","70,916","69,279","-5,081","-3.02750","1,637","2.36291","92.28143","127.48","1,276.6"
"2025000000","","2025年","33202","","倉敷市","","474,592","202,936","199,082","-12,457","-2.62478","3,854","1.93589","92.30305","356.07","1,297.9"
"2025000000","","2025年","33203","","津山市","","99,937","40,242","41,213","-7,326","-7.33062","-971","-2.35605","92.37049","506.33","182.9"
"2025000000","","2025年","33204","","玉野市","","56,531","23,426","24,090","-4,556","-8.05929","-664","-2.75633","93.59705","103.44","502.5"
"2025000000","","2025年","33205","","笠岡市","","46,088","17,537","18,466","-4,684","-10.16317","-929","-5.03087","90.45078","136.07","304.3"
"2025000000","","2025年","33207","","井原市","","38,384","14,351","14,732","-3,046","-7.93560","-381","-2.58621","90.99557","243.54","145.1"
"2025000000","","2025年","33208","","総社市","","69,030","27,949","27,110","-308","-0.44618","839","3.09480","93.41420","211.90","324.3"
"2025000000","","2025年","33209","","高梁市","","29,072","11,833","12,886","-3,472","-11.94276","-1,053","-8.17166","95.65882","546.99","46.8"
"2025000000","","2025年","33210","","新見市","","28,079","10,804","11,324","-3,179","-11.32163","-520","-4.59202","90.55636","793.29","31.4"
"2025000000","","2025年","33211","","備前市","","32,320","12,756","13,486","-3,701","-11.45111","-730","-5.41302","92.24155","258.13","110.9"
"2025000000","","2025年","33212","","瀬戸内市","","36,048","14,056","14,068","-1,380","-3.82823","-12","-0.08530","92.79279","125.46","276.3"
"2025000000","","2025年","33213","","赤磐市","","42,661","16,478","16,439","-1,713","-4.01538","39","0.23724","91.32791","209.36","195.6"
"2025000000","","2025年","33214","","真庭市","","42,725","15,443","15,845","-4,243","-9.93095","-402","-2.53708","92.53515","828.53","46.4"
"2025000000","","2025年","33215","","美作市","","25,939","10,096","10,793","-2,758","-10.63264","-697","-6.45789","92.67725","429.29","54.0"
"2025000000","","2025年","33216","","浅口市","","32,772","12,677","12,615","-2,474","-7.54913","62","0.49148","92.61284","66.46","455.9"
"2025000000","","2025年","33346","","和気町","","13,623","5,174","5,296","-1,287","-9.44726","-122","-2.30363","91.61230","144.21","85.5"
"2025000000","","2025年","33423","","早島町","","12,368","4,886","4,522","213","1.72219","364","8.04954","92.04702","7.62","1,651.0"
"2025000000","","2025年","33445","","里庄町","","10,950","4,127","4,138","-515","-4.70320","-11","-0.26583","92.42117","12.23","853.2"
"2025000000","","2025年","33461","","矢掛町","","13,414","4,959","5,000","-1,058","-7.88728","-41","-0.82000","92.79139","90.62","136.3"
"2025000000","","2025年","33586","","新庄村","","813","346","331","-102","-12.54613","15","4.53172","96.95291","67.11","10.6"
"2025000000","","2025年","33606","","鏡野町","","12,062","4,527","4,643","-931","-7.71845","-116","-2.49838","93.91986","419.68","26.5"
"2025000000","","2025年","33622","","勝央町","","10,888","4,169","4,089","-500","-4.59221","80","1.95647","91.73127","54.05","192.2"
"2025000000","","2025年","33623","","奈義町","","5,578","1,910","1,942","-478","-8.56938","-32","-1.64779","95.02868","69.52","73.4"
"2025000000","","2025年","33643","","西粟倉村","","1,398","548","575","-153","-10.94421","-27","-4.69565","92.72446","57.97","21.5"
"2025000000","","2025年","33663","","久米南町","","4,530","1,691","1,793","-488","-10.77263","-102","-5.68879","89.58724","78.65","51.4"
"2025000000","","2025年","33666","","美咲町","","13,053","4,720","5,028","-1,424","-10.90937","-308","-6.12570","91.99274","232.17","50.1"
"2025000000","","2025年","33681","","吉備中央町","","10,886","4,121","4,283","-973","-8.93809","-162","-3.78240","93.38666","268.78","36.9"
"2025000000","","2025年","34000","","広島県","","2,799,702","1,244,311","1,243,527","-116,303","-4.15412","784","0.06305","94.13086","8,478.16","316.5"
"2025000000","","2025年","34100","","広島市","","1,200,754","562,105","555,123","-28,331","-2.35943","6,982","1.25774","92.78992","906.69","1,293.1"
"2025000000","","2025年","34101","","広島市中区","","142,699","85,425","81,602","1,568","1.09882","3,823","4.68493","89.25226","15.32","9,416.9"
"2025000000","","2025年","34102","","広島市東区","","119,353","53,099","53,056","-4,005","-3.35559","43","0.08105","91.17925","39.42","2,926.1"
"2025000000","","2025年","34103","","広島市南区","","145,805","73,442","72,206","-2,169","-1.48760","1,236","1.71177","95.32480","26.46","5,428.4"
"2025000000","","2025年","34104","","広島市西区","","190,232","93,034","93,866","-5,321","-2.79711","-832","-0.88637","92.83256","35.61","5,192.7"
"2025000000","","2025年","34105","","広島市安佐南区","","247,020","109,193","106,284","-3,226","-1.30597","2,909","2.73701","93.94600","117.03","2,083.2"
"2025000000","","2025年","34106","","広島市安佐北区","","138,979","56,177","57,775","-8,682","-6.24699","-1,598","-2.76590","89.51188","353.33","368.8"
"2025000000","","2025年","34107","","広島市安芸区","","77,103","31,240","31,483","-4,712","-6.11131","-243","-0.77185","97.82745","94.08","769.5"
"2025000000","","2025年","34108","","広島市佐伯区","","139,563","60,495","58,851","-1,784","-1.27828","1,644","2.79350","93.80380","225.43","611.2"
"2025000000","","2025年","34202","","呉市","","214,592","88,409","94,483","-22,939","-10.68959","-6,074","-6.42867","94.05541","352.04","544.4"
"2025000000","","2025年","34203","","竹原市","","23,993","10,274","10,682","-2,237","-9.32355","-408","-3.81951","91.14391","118.23","184.0"
"2025000000","","2025年","34204","","三原市","","90,573","38,626","39,091","-6,660","-7.35318","-465","-1.18953","92.24055","471.51","178.0"
"2025000000","","2025年","34205","","尾道市","","131,170","55,397","57,519","-10,824","-8.25189","-2,122","-3.68922","95.25594","284.89","422.4"
"2025000000","","2025年","34207","","福山市","","460,930","192,693","193,371","-20,936","-4.54212","-678","-0.35062","94.53869","517.72","849.9"
"2025000000","","2025年","34208","","府中市","","37,655","14,246","15,030","-4,308","-11.44071","-784","-5.21623","92.62361","195.75","170.4"
"2025000000","","2025年","34209","","三次市","","50,681","20,643","21,377","-4,094","-8.07798","-734","-3.43360","93.21085","778.18","59.9"
"2025000000","","2025年","34210","","庄原市","","33,633","12,830","13,794","-4,035","-11.99715","-964","-6.98855","91.61002","1,246.49","23.7"
"2025000000","","2025年","34211","","大竹市","","26,319","11,298","11,591","-1,667","-6.33383","-293","-2.52782","95.07795","78.66","313.4"
"2025000000","","2025年","34212","","東広島市","","196,608","96,420","90,158","1,888","0.96029","6,262","6.94558","103.48964","635.15","312.5"
"2025000000","","2025年","34213","","廿日市市","","114,173","48,183","47,821","-2,220","-1.94442","362","0.75699","91.25822","489.49","228.7"
"2025000000","","2025年","34214","","安芸高田市","","26,448","11,089","11,060","-1,693","-6.40124","29","0.26221","91.88435","537.71","46.0"
"2025000000","","2025年","34215","","江田島市","","21,930","9,571","10,141","-2,186","-9.96808","-570","-5.62075","102.60646","100.65","196.2"
"2025000000","","2025年","34302","","府中町","","51,155","22,356","21,615","58","0.11338","741","3.42817","94.68182","10.41","4,919.6"
"2025000000","","2025年","34304","","海田町","","29,636","13,539","12,891","412","1.39020","648","5.02676","97.02315","13.79","2,179.0"
"2025000000","","2025年","34307","","熊野町","","22,834","9,681","9,422","-389","-1.70360","259","2.74889","92.29781","33.76","664.8"
"2025000000","","2025年","34309","","坂町","","12,582","5,185","5,232","-552","-4.38722","-47","-0.89832","90.83122","15.69","766.7"
"2025000000","","2025年","34368","","安芸太田町","","5,740","2,437","2,588","-689","-12.00348","-151","-5.83462","89.17603","341.89","14.8"
"2025000000","","2025年","34369","","北広島町","","17,763","7,049","7,677","-1,829","-10.29668","-628","-8.18028","99.37437","646.20","24.7"
"2025000000","","2025年","34431","","大崎上島町","","7,158","3,242","3,437","-584","-8.15870","-195","-5.67355","108.69841","43.11","152.5"
"2025000000","","2025年","34462","","世羅町","","15,125","5,902","6,085","-1,504","-9.94380","-183","-3.00740","90.18431","278.14","49.0"
"2025000000","","2025年","34545","","神石高原町","","8,250","3,136","3,339","-984","-11.92727","-203","-6.07966","92.01903","381.98","19.0"
"2025000000","","2025年","35000","","山口県","","1,342,059","587,131","598,824","-78,053","-5.81591","-11,693","-1.95266","90.83513","6,112.90","206.8"
"2025000000","","2025年","35201","","下関市","","255,051","112,300","115,817","-17,159","-6.72767","-3,517","-3.03669","87.26050","716.26","332.1"
"2025000000","","2025年","35202","","宇部市","","162,570","69,966","72,595","-9,759","-6.00295","-2,629","-3.62146","91.38695","287.05","532.3"
"2025000000","","2025年","35203","","山口市","","193,966","89,957","87,094","-3,528","-1.81888","2,863","3.28725","91.95251","1,023.18","186.1"
"2025000000","","2025年","35204","","萩市","","44,626","19,326","20,432","-4,840","-10.84570","-1,106","-5.41308","85.81169","698.50","57.0"
"2025000000","","2025年","35206","","防府市","","113,979","48,795","48,858","-4,256","-3.73402","-63","-0.12895","94.38923","189.34","579.5"
"2025000000","","2025年","35207","","下松市","","55,887","24,980","24,718","-835","-1.49409","262","1.05996","96.44590","89.34","616.2"
"2025000000","","2025年","35208","","岩国市","","129,125","56,256","57,911","-9,507","-7.36263","-1,655","-2.85783","89.80657","873.67","136.9"
"2025000000","","2025年","35210","","光市","","49,798","21,049","21,439","-3,469","-6.96614","-390","-1.81911","90.95293","92.13","502.9"
"2025000000","","2025年","35211","","長門市","","32,519","13,263","14,135","-3,687","-11.33799","-872","-6.16908","85.82109","357.11","80.7"
"2025000000","","2025年","35212","","柳井市","","30,799","13,325","13,932","-2,266","-7.35738","-607","-4.35688","88.01397","140.03","203.8"
"2025000000","","2025年","35213","","美祢市","","23,247","8,919","9,405","-3,102","-13.34366","-486","-5.16746","88.25343","472.64","42.6"
"2025000000","","2025年","35215","","周南市","","137,540","61,731","63,289","-6,339","-4.60884","-1,558","-2.46172","95.16698","656.29","199.9"
"2025000000","","2025年","35216","","山陽小野田市","","60,326","25,656","26,106","-3,755","-6.22451","-450","-1.72374","90.91185","133.09","425.1"
"2025000000","","2025年","35305","","周防大島町","","14,798","6,434","7,198","-1,944","-13.13691","-764","-10.61406","87.18509","138.11","93.1"
"2025000000","","2025年","35321","","和木町","","6,034","2,306","2,476","-597","-9.89393","-170","-6.86591","95.15434","10.58","513.9"
"2025000000","","2025年","35341","","上関町","","2,342","1,063","1,251","-449","-19.17165","-188","-15.02798","92.18274","34.69","54.6"
"2025000000","","2025年","35343","","田布施町","","14,483","5,832","5,955","-1,088","-7.51226","-123","-2.06549","92.09809","50.42","265.7"
"2025000000","","2025年","35344","","平生町","","11,914","4,712","4,848","-1,123","-9.42589","-136","-2.80528","87.31123","34.54","312.4"
"2025000000","","2025年","35502","","阿武町","","3,055","1,261","1,365","-350","-11.45663","-104","-7.61905","83.26558","115.95","23.3"
"2025000000","","2025年","36000","","徳島県","","719,559","304,292","308,210","-44,070","-6.12458","-3,918","-1.27121","91.66234","4,146.96","162.9"
"2025000000","","2025年","36201","","徳島市","","252,391","117,368","119,509","-11,316","-4.48352","-2,141","-1.79150","90.67864","191.52","1,258.7"
"2025000000","","2025年","36202","","鳴門市","","54,622","22,389","22,472","-3,572","-6.53949","-83","-0.36935","90.39982","135.66","376.3"
"2025000000","","2025年","36203","","小松島市","","36,149","15,206","15,141","-2,156","-5.96420","65","0.42930","94.81346","45.37","749.2"
"2025000000","","2025年","36204","","阿南市","","69,470","27,316","27,439","-4,869","-7.00878","-123","-0.44827","94.85718","279.22","231.4"
"2025000000","","2025年","36205","","吉野川市","","38,772","15,233","15,488","-3,216","-8.29465","-255","-1.64644","88.96684","144.14","246.7"
"2025000000","","2025年","36206","","阿波市","","34,713","12,711","13,029","-3,152","-9.08017","-318","-2.44071","91.03565","191.11","165.1"
"2025000000","","2025年","36207","","美馬市","","28,055","10,863","11,244","-2,536","-9.03939","-381","-3.38847","92.59623","367.14","69.5"
"2025000000","","2025年","36208","","三好市","","23,605","9,524","10,325","-3,056","-12.94641","-801","-7.75787","92.10059","721.42","28.5"
"2025000000","","2025年","36301","","勝浦町","","4,837","1,721","1,847","-577","-11.92888","-126","-6.82187","89.58611","69.83","61.0"
"2025000000","","2025年","36302","","上勝町","","1,380","577","638","-187","-13.55072","-61","-9.56113","87.57862","109.63","10.9"
"2025000000","","2025年","36321","","佐那河内村","","2,058","771","771","-192","-9.32945","0","0.00000","93.76947","42.28","44.1"
"2025000000","","2025年","36341","","石井町","","24,833","9,875","9,624","-1,187","-4.77993","251","2.60806","89.82098","28.85","819.6"
"2025000000","","2025年","36342","","神山町","","4,647","1,992","2,021","-472","-10.15709","-29","-1.43493","91.95402","173.30","24.1"
"2025000000","","2025年","36368","","那賀町","","7,367","2,907","3,187","-1,095","-14.86358","-280","-8.78569","92.68817","694.98","9.0"
"2025000000","","2025年","36383","","牟岐町","","3,743","1,506","1,718","-601","-16.05664","-212","-12.33993","85.25943","56.62","55.5"
"2025000000","","2025年","36387","","美波町","","6,222","2,468","2,677","-793","-12.74510","-209","-7.80725","89.42777","140.74","38.6"
"2025000000","","2025年","36388","","海陽町","","8,358","3,699","4,018","-968","-11.58172","-319","-7.93927","89.34153","327.67","22.6"
"2025000000","","2025年","36401","","松茂町","","14,583","6,376","5,847","-490","-3.36008","529","9.04737","99.02556","14.34","982.8"
"2025000000","","2025年","36402","","北島町","","22,745","9,773","9,353","160","0.70345","420","4.49054","93.51977","8.74","2,620.7"
"2025000000","","2025年","36403","","藍住町","","35,246","14,460","13,973","-284","-0.80577","487","3.48529","92.07779","16.27","2,148.9"
"2025000000","","2025年","36404","","板野町","","13,042","5,149","5,054","-618","-4.73854","95","1.87970","92.62016","36.22","343.0"
"2025000000","","2025年","36405","","上板町","","11,384","4,207","4,246","-854","-7.50176","-39","-0.91851","91.66363","34.58","304.5"
"2025000000","","2025年","36468","","つるぎ町","","7,715","3,057","3,407","-1,143","-14.81529","-350","-10.27297","91.10206","194.84","33.7"
"2025000000","","2025年","36489","","東みよし町","","13,622","5,144","5,182","-896","-6.57760","-38","-0.73331","92.55561","122.48","103.9"
"2025000000","","2025年","37000","","香川県","","950,244","409,970","406,985","-42,519","-4.47453","2,985","0.73344","93.73562","1,876.83","483.6"
"2025000000","","2025年","37201","","高松市","","417,496","190,454","187,511","-10,288","-2.46422","2,943","1.56951","93.61262","375.54","1,084.3"
"2025000000","","2025年","37202","","丸亀市","","109,513","47,034","45,721","-2,712","-2.47642","1,313","2.87177","94.47712","111.83","955.0"
"2025000000","","2025年","37203","","坂出市","","50,624","21,453","21,272","-2,862","-5.65345","181","0.85088","92.97778","92.46","516.6"
"2025000000","","2025年","37204","","善通寺市","","31,631","13,163","13,145","-1,927","-6.09212","18","0.13693","99.73104","39.93","743.9"
"2025000000","","2025年","37205","","観音寺市","","57,438","23,568","22,947","-3,015","-5.24914","621","2.70624","92.57962","117.83","461.9"
"2025000000","","2025年","37206","","さぬき市","","47,003","18,724","19,445","-4,447","-9.46110","-721","-3.70789","91.88385","158.62","268.3"
"2025000000","","2025年","37207","","東かがわ市","","28,279","11,288","11,931","-2,933","-10.37165","-643","-5.38932","89.85768","152.86","165.8"
"2025000000","","2025年","37208","","三豊市","","61,857","22,515","23,083","-5,486","-8.86884","-568","-2.46069","91.92741","222.69","253.1"
"2025000000","","2025年","37322","","土庄町","","12,846","5,398","5,750","-1,424","-11.08516","-352","-6.12174","90.17649","74.24","153.9"
"2025000000","","2025年","37324","","小豆島町","","13,870","5,930","6,160","-1,331","-9.59625","-230","-3.73377","90.79428","95.69","131.0"
"2025000000","","2025年","37341","","三木町","","26,878","10,883","10,889","-1,088","-4.04792","-6","-0.05510","92.00417","75.78","340.3"
"2025000000","","2025年","37364","","直島町","","3,103","1,583","1,563","-171","-5.51080","20","1.27959","114.79853","14.21","206.3"
"2025000000","","2025年","37386","","宇多津町","","18,699","9,247","8,734","-116","-0.62035","513","5.87360","95.87857","8.10","2,294.2"
"2025000000","","2025年","37387","","綾川町","","22,693","8,842","8,858","-1,277","-5.62729","-16","-0.18063","94.49641","109.75","195.1"
"2025000000","","2025年","37403","","琴平町","","8,468","3,535","3,675","-837","-9.88427","-140","-3.80952","87.12604","8.47","900.9"
"2025000000","","2025年","37404","","多度津町","","22,445","9,957","9,770","-1,244","-5.54244","187","1.91402","106.43622","24.39","869.2"
"2025000000","","2025年","37406","","まんのう町","","17,401","6,396","6,531","-1,361","-7.82139","-135","-2.06706","93.29959","194.45","82.5"
"2025000000","","2025年","38000","","愛媛県","","1,334,841","593,707","601,402","-74,753","-5.60014","-7,695","-1.27951","90.70254","5,675.82","222.0"
"2025000000","","2025年","38201","","松山市","","511,192","242,764","241,234","-14,151","-2.76824","1,530","0.63424","88.81308","429.35","1,157.7"
"2025000000","","2025年","38202","","今治市","","151,672","67,847","68,328","-9,937","-6.55164","-481","-0.70396","91.06129","419.21","338.1"
"2025000000","","2025年","38203","","宇和島市","","70,809","29,556","31,452","-8,094","-11.43075","-1,896","-6.02823","88.73006","468.16","134.0"
"2025000000","","2025年","38204","","八幡浜市","","31,987","13,455","14,413","-3,514","-10.98571","-958","-6.64678","88.61288","132.64","214.7"
"2025000000","","2025年","38205","","新居浜市","","115,938","50,415","51,310","-7,298","-6.29474","-895","-1.74430","93.74398","234.47","463.3"
"2025000000","","2025年","38206","","西条市","","104,791","44,680","45,193","-6,126","-5.84592","-513","-1.13513","94.37549","510.01","193.5"
"2025000000","","2025年","38207","","大洲市","","40,575","16,797","17,375","-3,210","-7.91128","-578","-3.32662","93.40062","432.09","86.5"
"2025000000","","2025年","38210","","伊予市","","35,133","13,995","14,161","-1,673","-4.76190","-166","-1.17223","88.24191","194.43","172.1"
"2025000000","","2025年","38213","","四国中央市","","82,754","34,940","35,738","-5,603","-6.77067","-798","-2.23292","96.50799","421.24","183.2"
"2025000000","","2025年","38214","","西予市","","35,388","14,565","15,474","-3,837","-10.84266","-909","-5.87437","90.60593","514.33","61.3"
"2025000000","","2025年","38215","","東温市","","33,903","14,407","14,331","-1,122","-3.30944","76","0.53032","92.47842","211.30","155.1"
"2025000000","","2025年","38356","","上島町","","6,509","2,975","3,207","-701","-10.76970","-232","-7.23418","112.35832","30.38","191.2"
"2025000000","","2025年","38386","","久万高原町","","7,404","3,227","3,638","-1,103","-14.89735","-411","-11.29742","93.40086","583.69","10.8"
"2025000000","","2025年","38401","","松前町","","29,630","12,205","11,898","-626","-2.11272","307","2.58027","88.11778","20.38","1,423.2"
"2025000000","","2025年","38402","","砥部町","","20,480","8,479","8,477","-883","-4.31152","2","0.02359","85.85926","101.59","192.9"
"2025000000","","2025年","38422","","内子町","","15,322","5,901","6,258","-1,598","-10.42945","-357","-5.70470","91.54222","299.43","45.8"
"2025000000","","2025年","38442","","伊方町","","8,397","3,596","4,077","-1,320","-15.71990","-481","-11.79789","93.46638","93.83","75.4"
"2025000000","","2025年","38484","","松野町","","3,674","1,515","1,603","-362","-9.85302","-88","-5.48971","87.96822","98.45","33.6"
"2025000000","","2025年","38488","","鬼北町","","9,682","4,078","4,346","-1,044","-10.78290","-268","-6.16659","85.92337","241.88","35.7"
"2025000000","","2025年","38506","","愛南町","","19,601","8,310","8,889","-2,551","-13.01464","-579","-6.51367","88.46026","238.94","71.4"
"2025000000","","2025年","39000","","高知県","","691,527","306,794","315,272","-48,090","-6.95418","-8,478","-2.68911","89.65561","7,102.28","90.6"
"2025000000","","2025年","39201","","高知市","","326,545","152,654","154,171","-17,162","-5.25563","-1,517","-0.98397","87.63449","309.00","1,001.2"
"2025000000","","2025年","39202","","室戸市","","11,742","5,036","5,933","-2,092","-17.81639","-897","-15.11883","90.14778","248.22","38.9"
"2025000000","","2025年","39203","","安芸市","","16,243","6,872","7,307","-1,618","-9.96121","-435","-5.95320","90.03378","317.16","46.1"
"2025000000","","2025年","39204","","南国市","","46,664","20,162","19,755","-1,251","-2.68087","407","2.06024","90.61870","125.30","362.4"
"2025000000","","2025年","39205","","土佐市","","25,732","10,075","10,196","-1,893","-7.35660","-121","-1.18674","93.95493","91.50","260.5"
"2025000000","","2025年","39206","","須崎市","","20,590","8,203","8,710","-2,280","-11.07334","-507","-5.82090","97.15732","135.20","135.4"
"2025000000","","2025年","39208","","宿毛市","","19,033","7,979","8,508","-1,794","-9.42573","-529","-6.21768","88.83777","286.14","60.2"
"2025000000","","2025年","39209","","土佐清水市","","12,388","5,410","6,179","-2,000","-16.14466","-769","-12.44538","88.66691","265.42","39.1"
"2025000000","","2025年","39210","","四万十市","","32,694","14,446","14,844","-2,192","-6.70459","-398","-2.68122","88.90196","632.32","48.2"
"2025000000","","2025年","39211","","香南市","","32,207","13,484","13,146","-914","-2.83789","338","2.57112","93.17859","126.46","247.5"
"2025000000","","2025年","39212","","香美市","","26,513","11,495","12,033","-2,090","-7.88293","-538","-4.47104","95.94833","537.86","45.4"
"2025000000","","2025年","39301","","東洋町","","2,194","1,051","1,236","-345","-15.72470","-185","-14.96764","100.54230","74.02","25.0"
"2025000000","","2025年","39302","","奈半利町","","3,034","1,321","1,409","-310","-10.21753","-88","-6.24556","86.57534","28.37","96.0"
"2025000000","","2025年","39303","","田野町","","2,498","1,089","1,170","-235","-9.40753","-81","-6.92308","88.42631","6.53","346.6"
"2025000000","","2025年","39304","","安田町","","2,370","955","1,064","-348","-14.68354","-109","-10.24436","95.93023","52.36","38.6"
"2025000000","","2025年","39305","","北川村","","1,146","557","549","-56","-4.88656","8","1.45719","101.85185","196.73","5.5"
"2025000000","","2025年","39306","","馬路村","","745","337","376","-96","-12.88591","-39","-10.37234","92.01183","165.48","3.9"
"2025000000","","2025年","39307","","芸西村","","3,694","1,502","1,511","-141","-3.81700","-9","-0.59563","89.79701","39.60","89.7"
"2025000000","","2025年","39341","","本山町","","3,261","1,453","1,504","-239","-7.32904","-51","-3.39096","92.36155","134.22","22.5"
"2025000000","","2025年","39344","","大豊町","","3,252","1,569","1,788","-491","-15.09840","-219","-12.24832","90.41379","315.06","8.8"
"2025000000","","2025年","39363","","土佐町","","3,753","1,628","1,618","-323","-8.60645","10","0.61805","97.69452","212.13","16.2"
"2025000000","","2025年","39364","","大川村","","366","194","200","-27","-7.37705","-6","-3.00000","105.45455","95.27","3.6"
"2025000000","","2025年","39386","","いの町","","21,374","8,781","9,111","-1,684","-7.87873","-330","-3.62200","90.25993","470.97","41.8"
"2025000000","","2025年","39387","","仁淀川町","","4,827","2,146","2,460","-812","-16.82204","-314","-12.76423","95.56746","333.00","12.1"
"2025000000","","2025年","39401","","中土佐町","","6,002","2,536","2,702","-695","-11.57947","-166","-6.14360","86.53779","193.21","27.5"
"2025000000","","2025年","39402","","佐川町","","12,323","4,905","5,141","-1,067","-8.65861","-236","-4.59055","87.75646","100.80","111.7"
"2025000000","","2025年","39403","","越知町","","5,187","2,079","2,335","-757","-14.59418","-256","-10.96360","86.36937","111.95","39.6"
"2025000000","","2025年","39405","","檮原町","","3,307","1,409","1,513","-398","-12.03508","-104","-6.87376","93.16069","236.45","12.3"
"2025000000","","2025年","39410","","日高村","","4,812","1,883","1,984","-398","-8.27099","-101","-5.09073","87.90975","44.85","98.4"
"2025000000","","2025年","39411","","津野町","","5,291","2,067","2,206","-615","-11.62351","-139","-6.30100","90.31339","197.85","23.6"
"2025000000","","2025年","39412","","四万十町","","15,607","6,667","7,150","-1,752","-11.22573","-483","-6.75524","92.13701","642.28","21.6"
"2025000000","","2025年","39424","","大月町","","4,434","1,990","2,198","-535","-12.06585","-208","-9.46315","94.95000","102.73","38.0"
"2025000000","","2025年","39427","","三原村","","1,437","617","658","-163","-11.34308","-41","-6.23100","93.03030","85.37","14.9"
"2025000000","","2025年","39428","","黒潮町","","10,262","4,242","4,607","-1,317","-12.83376","-365","-7.92273","91.37783","188.46","47.5"
"2025000000","","2025年","40000","","福岡県","","5,135,214","2,401,053","2,323,325","-53,335","-1.03861","77,728","3.34555","90.01116","4,987.24","1,019.0"
"2025000000","","2025年","40100","","北九州市","","939,029","437,836","436,245","-34,740","-3.69957","1,591","0.36470","89.73115","492.30","1,836.9"
"2025000000","","2025年","40101","","北九州市門司区","","93,842","41,038","43,268","-6,493","-6.91908","-2,230","-5.15392","85.34024","73.58","1,187.1"
"2025000000","","2025年","40103","","北九州市若松区","","80,533","33,772","34,128","-3,957","-4.91351","-356","-1.04313","92.18472","72.03","1,063.1"
"2025000000","","2025年","40105","","北九州市戸畑区","","57,494","27,278","28,541","-3,434","-5.97280","-1,263","-4.42521","94.12525","16.61","3,254.7"
"2025000000","","2025年","40106","","北九州市小倉北区","","183,407","98,293","96,175","-3,225","-1.75838","2,118","2.20224","88.14623","39.20","4,596.5"
"2025000000","","2025年","40107","","北九州市小倉南区","","209,028","93,456","91,065","-6,264","-2.99673","2,391","2.62560","90.99669","171.49","1,182.4"
"2025000000","","2025年","40108","","北九州市八幡東区","","64,792","29,431","30,394","-3,884","-5.99457","-963","-3.16839","89.89244","36.26","1,679.8"
"2025000000","","2025年","40109","","北九州市八幡西区","","249,933","114,568","112,674","-7,483","-2.99400","1,894","1.68096","89.72385","83.13","2,916.5"
"2025000000","","2025年","40130","","福岡市","","1,612,392","883,374","831,124","51,500","3.19401","52,250","6.28667","89.25994","343.47","4,844.4"
"2025000000","","2025年","40131","","福岡市東区","","322,503","169,032","156,362","17,232","5.34321","12,670","8.10299","93.85071","69.46","4,891.1"
"2025000000","","2025年","40132","","福岡市博多区","","252,034","168,741","154,640","12,186","4.83506","14,101","9.11860","91.73052","31.62","8,356.1"
"2025000000","","2025年","40133","","福岡市中央区","","205,501","136,155","127,391","10,867","5.28805","8,764","6.87961","82.84053","15.39","14,059.0"
"2025000000","","2025年","40134","","福岡市南区","","265,583","134,424","129,031","5,158","1.94214","5,393","4.17962","85.94593","30.98","8,739.2"
"2025000000","","2025年","40135","","福岡市西区","","212,579","100,867","95,698","1,042","0.49017","5,169","5.40137","91.43897","84.16","2,538.3"
"2025000000","","2025年","40136","","福岡市城南区","","132,864","69,166","67,367","1,232","0.92726","1,799","2.67045","88.56749","15.99","8,386.2"
"2025000000","","2025年","40137","","福岡市早良区","","221,328","104,989","100,635","3,783","1.70923","4,354","4.32653","88.44995","95.87","2,348.1"
"2025000000","","2025年","40202","","大牟田市","","111,281","47,682","49,231","-9,340","-8.39317","-1,549","-3.14639","86.32974","81.45","1,251.6"
"2025000000","","2025年","40203","","久留米市","","303,316","131,414","128,716","-6,489","-2.13935","2,698","2.09609","90.49719","229.96","1,290.8"
"2025000000","","2025年","40204","","直方市","","56,212","23,490","23,675","-2,644","-4.70362","-185","-0.78141","88.91906","61.76","867.4"
"2025000000","","2025年","40205","","飯塚市","","126,364","56,930","55,762","-4,035","-3.19316","1,168","2.09462","91.98198","213.96","571.7"
"2025000000","","2025年","40206","","田川市","","46,203","20,075","20,588","-1,981","-4.28760","-513","-2.49174","83.34163","54.55","810.7"
"2025000000","","2025年","40207","","柳川市","","64,475","24,214","24,114","-3,906","-6.05816","100","0.41470","89.88933","77.15","785.1"
"2025000000","","2025年","40210","","八女市","","60,608","22,690","22,296","-3,258","-5.37553","394","1.76713","89.95098","482.44","118.9"
"2025000000","","2025年","40211","","筑後市","","48,827","19,401","18,752","-1,105","-2.26309","649","3.46096","92.22589","41.78","1,142.2"
"2025000000","","2025年","40212","","大川市","","32,988","12,671","12,941","-3,270","-9.91270","-270","-2.08639","86.90566","33.62","883.9"
"2025000000","","2025年","40213","","行橋市","","71,426","31,744","30,477","-1,389","-1.94467","1,267","4.15723","93.65962","69.95","1,001.2"
"2025000000","","2025年","40214","","豊前市","","24,391","9,723","9,910","-2,124","-8.70813","-187","-1.88698","87.13337","111.01","200.6"
"2025000000","","2025年","40215","","中間市","","40,362","17,284","17,369","-1,866","-4.62316","-85","-0.48938","88.46568","15.96","2,412.0"
"2025000000","","2025年","40216","","小郡市","","59,360","23,396","22,746","-708","-1.19272","650","2.85765","89.12679","45.51","1,288.8"
"2025000000","","2025年","40217","","筑紫野市","","103,311","44,836","41,861","2,608","2.52442","2,975","7.10685","91.05159","87.73","1,207.3"
"2025000000","","2025年","40218","","春日市","","111,023","47,206","46,442","-1,997","-1.79873","764","1.64506","90.55159","14.15","7,705.0"
"2025000000","","2025年","40219","","大野城市","","102,085","44,848","42,781","1,411","1.38218","2,067","4.83158","91.37928","26.89","3,848.9"
"2025000000","","2025年","40220","","宗像市","","97,095","43,077","41,038","-50","-0.05150","2,039","4.96857","90.41873","119.94","809.1"
"2025000000","","2025年","40221","","太宰府市","","73,164","32,927","30,945","-341","-0.46608","1,982","6.40491","90.84095","29.60","2,460.2"
"2025000000","","2025年","40223","","古賀市","","58,786","24,559","23,618","-436","-0.74167","941","3.98425","90.81099","42.07","1,387.0"
"2025000000","","2025年","40224","","福津市","","67,033","28,083","26,534","2,031","3.02985","1,549","5.83779","88.20580","52.76","1,309.0"
"2025000000","","2025年","40225","","うきは市","","27,981","10,170","10,128","-2,015","-7.20132","42","0.41469","88.72011","117.46","221.1"
"2025000000","","2025年","40226","","宮若市","","26,298","10,182","10,540","-2,189","-8.32383","-358","-3.39658","90.31418","139.99","172.2"
"2025000000","","2025年","40227","","嘉麻市","","35,473","14,161","15,030","-3,564","-10.04708","-869","-5.78177","86.00408","135.11","236.2"
"2025000000","","2025年","40228","","朝倉市","","50,273","20,010","19,456","-2,804","-5.57755","554","2.84745","89.52727","246.71","192.4"
"2025000000","","2025年","40229","","みやま市","","35,861","13,109","13,060","-2,832","-7.89716","49","0.37519","87.14375","105.21","313.9"
"2025000000","","2025年","40230","","糸島市","","98,877","40,491","37,792","1,797","1.81741","2,699","7.14172","91.04676","215.69","466.8"
"2025000000","","2025年","40231","","那珂川市","","50,112","19,314","19,078","-2,339","-4.66754","236","1.23703","91.41357","74.95","637.4"
"2025000000","","2025年","40341","","宇美町","","37,671","14,481","14,093","-432","-1.14677","388","2.75314","100.23121","30.21","1,232.7"
"2025000000","","2025年","40342","","篠栗町","","31,209","12,731","12,228","-96","-0.30760","503","4.11351","92.55477","38.93","799.2"
"2025000000","","2025年","40343","","志免町","","46,377","19,769","19,005","-970","-2.09155","764","4.01999","92.30476","8.69","5,225.2"
"2025000000","","2025年","40344","","須恵町","","28,628","11,468","10,942","442","1.54394","526","4.80717","92.65690","16.31","1,782.3"
"2025000000","","2025年","40345","","新宮町","","32,927","12,327","12,469","-732","-2.22310","-142","-1.13882","92.99245","18.93","1,700.7"
"2025000000","","2025年","40348","","久山町","","9,068","3,475","3,279","199","2.19453","196","5.97743","90.40477","37.44","247.5"
"2025000000","","2025年","40349","","粕屋町","","48,190","21,243","19,899","316","0.65574","1,344","6.75411","97.66096","14.13","3,432.8"
"2025000000","","2025年","40381","","芦屋町","","13,545","5,369","5,599","-1,242","-9.16944","-230","-4.10788","92.14431","11.58","1,062.4"
"2025000000","","2025年","40382","","水巻町","","28,114","12,839","12,315","-460","-1.63620","524","4.25497","88.14805","11.01","2,511.7"
"2025000000","","2025年","40383","","岡垣町","","31,007","12,509","12,120","-424","-1.36743","389","3.20957","87.68334","48.64","628.8"
"2025000000","","2025年","40384","","遠賀町","","18,723","7,759","7,561","-327","-1.74651","198","2.61870","88.46430","22.15","830.5"
"2025000000","","2025年","40401","","小竹町","","7,151","3,056","3,210","-618","-8.64215","-154","-4.79751","91.86490","14.28","457.5"
"2025000000","","2025年","40402","","鞍手町","","15,080","6,121","6,263","-1,058","-7.01592","-142","-2.26728","88.87392","35.60","393.9"
"2025000000","","2025年","40421","","桂川町","","12,878","5,167","5,132","-673","-5.22597","35","0.68200","88.96114","20.14","606.0"
"2025000000","","2025年","40447","","筑前町","","29,591","11,826","10,627","1,251","4.22764","1,199","11.28258","91.48196","67.10","459.6"
"2025000000","","2025年","40448","","東峰村","","1,899","632","696","-281","-14.79726","-64","-9.19540","85.55046","51.97","31.1"
"2025000000","","2025年","40503","","大刀洗町","","15,521","6,090","5,616","279","1.79756","474","8.44017","91.60805","22.84","691.8"
"2025000000","","2025年","40522","","大木町","","13,820","4,925","4,772","-648","-4.68886","153","3.20620","90.37433","18.44","714.3"
"2025000000","","2025年","40544","","広川町","","19,969","7,588","7,486","-705","-3.53047","102","1.36254","92.79424","37.94","507.7"
"2025000000","","2025年","40601","","香春町","","10,191","4,240","4,337","-836","-8.20332","-97","-2.23657","87.43739","44.50","210.2"
"2025000000","","2025年","40602","","添田町","","8,801","3,459","3,724","-1,185","-13.46438","-265","-7.11600","88.98263","132.20","57.6"
"2025000000","","2025年","40604","","糸田町","","8,407","3,515","3,656","-841","-10.00357","-141","-3.85667","86.12546","8.04","941.0"
"2025000000","","2025年","40605","","川崎町","","15,176","6,441","6,921","-1,706","-11.24143","-480","-6.93541","84.69766","36.14","372.7"
"2025000000","","2025年","40608","","大任町","","5,008","2,094","2,040","-242","-4.83227","54","2.64706","81.49276","14.26","334.2"
"2025000000","","2025年","40609","","赤村","","2,774","1,024","1,072","-279","-10.05768","-48","-4.47761","86.75150","31.98","78.0"
"2025000000","","2025年","40610","","福智町","","21,398","8,389","8,519","-1,520","-7.10347","-130","-1.52600","88.38135","42.06","472.6"
"2025000000","","2025年","40621","","苅田町","","37,684","18,618","17,722","291","0.77221","896","5.05586","110.66792","49.52","766.9"
"2025000000","","2025年","40625","","みやこ町","","18,825","6,969","7,346","-2,075","-11.02258","-377","-5.13204","89.75869","151.34","110.7"
"2025000000","","2025年","40642","","吉富町","","6,536","2,644","2,667","-279","-4.26867","-23","-0.86239","92.52308","5.73","1,092.0"
"2025000000","","2025年","40646","","上毛町","","7,251","2,728","2,797","-590","-8.13681","-69","-2.46693","89.93442","62.44","106.7"
"2025000000","","2025年","40647","","築上町","","17,189","6,660","6,963","-1,819","-10.58235","-303","-4.35157","91.88514","119.57","128.5"
"2025000000","","2025年","41000","","佐賀県","","811,442","319,603","312,680","-30,228","-3.72522","6,923","2.21408","90.77917","2,440.64","320.1"
"2025000000","","2025年","41201","","佐賀市","","233,301","99,580","96,874","-5,547","-2.37762","2,706","2.79332","90.40270","431.81","527.4"
"2025000000","","2025年","41202","","唐津市","","117,373","44,415","44,192","-7,162","-6.10191","223","0.50462","88.63671","487.58","226.0"
"2025000000","","2025年","41203","","鳥栖市","","74,196","31,769","29,816","286","0.38547","1,953","6.55017","92.54453","71.72","1,038.5"
"2025000000","","2025年","41204","","多久市","","18,295","6,624","6,773","-1,470","-8.03498","-149","-2.19991","88.32550","96.56","174.2"
"2025000000","","2025年","41205","","伊万里市","","52,629","20,161","19,984","-2,873","-5.45897","177","0.88571","95.59714","255.24","194.9"
"2025000000","","2025年","41206","","武雄市","","47,914","17,871","17,624","-2,193","-4.57695","247","1.40150","90.61536","195.40","234.0"
"2025000000","","2025年","41207","","鹿島市","","27,892","10,158","10,046","-1,726","-6.18815","112","1.11487","88.95147","112.12","233.4"
"2025000000","","2025年","41208","","小城市","","43,952","16,602","15,907","-826","-1.87932","695","4.36915","91.31399","95.81","450.1"
"2025000000","","2025年","41209","","嬉野市","","25,848","9,258","9,157","-1,521","-5.88440","101","1.10298","87.30366","126.41","192.4"
"2025000000","","2025年","41210","","神埼市","","31,022","11,617","11,452","-1,635","-5.27045","165","1.44080","92.84074","125.13","234.9"
"2025000000","","2025年","41327","","吉野ヶ里町","","16,323","6,555","6,137","-33","-0.20217","418","6.81115","97.02467","43.99","370.3"
"2025000000","","2025年","41341","","基山町","","17,250","6,965","6,756","34","0.19710","209","3.09355","90.41534","22.15","780.3"
"2025000000","","2025年","41345","","上峰町","","9,286","3,711","3,598","72","0.77536","113","3.14063","90.86274","12.80","731.1"
"2025000000","","2025年","41346","","みやき町","","25,511","9,749","9,229","-12","-0.04704","520","5.63441","92.09733","51.92","491.1"
"2025000000","","2025年","41387","","玄海町","","5,609","1,792","2,231","-995","-17.73935","-439","-19.67727","108.49526","35.92","128.5"
"2025000000","","2025年","41401","","有田町","","19,010","6,953","6,981","-1,278","-6.72278","-28","-0.40109","86.94781","65.85","269.3"
"2025000000","","2025年","41423","","大町町","","6,293","2,319","2,455","-552","-8.77165","-136","-5.53971","86.09400","11.50","499.2"
"2025000000","","2025年","41424","","江北町","","9,566","3,600","3,433","-61","-0.63768","167","4.86455","89.64485","24.88","382.0"
"2025000000","","2025年","41425","","白石町","","22,051","7,228","7,247","-1,766","-8.00871","-19","-0.26218","88.66257","99.56","203.7"
"2025000000","","2025年","41441","","太良町","","8,121","2,676","2,788","-970","-11.94434","-112","-4.01722","92.38633","74.30","96.2"
"2025000000","","2025年","42000","","長崎県","","1,312,317","553,210","558,230","-80,127","-6.10577","-5,020","-0.89927","89.40480","4,131.21","298.3"
"2025000000","","2025年","42201","","長崎市","","409,118","184,376","187,423","-27,380","-6.69245","-3,047","-1.62573","85.84197","405.69","941.0"
"2025000000","","2025年","42202","","佐世保市","","243,223","101,760","104,053","-17,034","-7.00345","-2,293","-2.20368","89.85940","426.01","530.9"
"2025000000","","2025年","42203","","島原市","","43,338","16,763","17,095","-2,893","-6.67543","-332","-1.94209","86.88199","82.96","487.5"
"2025000000","","2025年","42204","","諫早市","","133,852","55,692","53,235","-3,585","-2.67833","2,457","4.61538","92.09455","341.79","381.1"
"2025000000","","2025年","42205","","大村市","","95,397","41,541","39,002","2,115","2.21705","2,539","6.50992","91.92253","126.73","769.4"
"2025000000","","2025年","42207","","平戸市","","29,365","11,461","12,009","-2,953","-10.05619","-548","-4.56324","90.19227","235.12","112.3"
"2025000000","","2025年","42208","","松浦市","","21,271","8,304","8,789","-1,946","-9.14861","-485","-5.51826","92.09742","130.55","148.0"
"2025000000","","2025年","42209","","対馬市","","28,502","11,994","12,681","-3,186","-11.17816","-687","-5.41755","98.97823","707.42","35.8"
"2025000000","","2025年","42210","","壱岐市","","24,948","9,302","9,726","-2,585","-10.36155","-424","-4.35945","92.08899","139.42","160.4"
"2025000000","","2025年","42211","","五島市","","34,391","15,704","16,526","-2,935","-8.53421","-822","-4.97398","89.91729","420.13","74.9"
"2025000000","","2025年","42212","","西海市","","26,275","10,584","11,180","-2,793","-10.62988","-596","-5.33095","101.87414","241.98","97.0"
"2025000000","","2025年","42213","","雲仙市","","41,096","15,291","15,141","-2,870","-6.98365","150","0.99069","91.27346","214.29","178.4"
"2025000000","","2025年","42214","","南島原市","","42,330","15,172","16,060","-4,986","-11.77888","-888","-5.52927","87.12231","170.15","219.5"
"2025000000","","2025年","42307","","長与町","","40,780","15,858","16,011","-2,046","-5.01717","-153","-0.95559","88.47745","28.73","1,348.2"
"2025000000","","2025年","42308","","時津町","","29,339","11,920","11,435","-373","-1.27135","485","4.24136","93.18394","20.94","1,383.3"
"2025000000","","2025年","42321","","東彼杵町","","7,721","2,698","2,705","-596","-7.71921","-7","-0.25878","91.58376","74.29","95.9"
"2025000000","","2025年","42322","","川棚町","","13,377","5,072","5,195","-1,052","-7.86424","-123","-2.36766","88.34046","37.25","330.9"
"2025000000","","2025年","42323","","波佐見町","","14,291","5,123","5,005","-578","-4.04450","118","2.35764","90.59069","56.00","244.9"
"2025000000","","2025年","42383","","小値賀町","","2,288","1,064","1,126","-270","-11.80070","-62","-5.50622","88.42204","25.50","79.1"
"2025000000","","2025年","42391","","佐々町","","13,912","5,628","5,436","-202","-1.45198","192","3.53201","91.05351","32.26","425.0"
"2025000000","","2025年","42411","","新上五島町","","17,503","7,903","8,397","-1,979","-11.30663","-494","-5.88305","92.82077","214.00","72.5"
"2025000000","","2025年","43000","","熊本県","","1,738,301","734,844","719,154","-60,211","-3.46378","15,690","2.18173","90.38116","7,409.13","226.5"
"2025000000","","2025年","43100","","熊本市","","738,865","338,007","326,920","-8,011","-1.08423","11,087","3.39135","89.61206","390.44","1,871.9"
"2025000000","","2025年","43101","","熊本市中央区","","187,502","102,878","99,897","-2,089","-1.11412","2,981","2.98407","89.44244","25.45","7,285.4"
"2025000000","","2025年","43102","","熊本市東区","","189,524","83,496","80,454","-494","-0.26065","3,042","3.78104","90.23227","50.19","3,766.3"
"2025000000","","2025年","43103","","熊本市西区","","91,177","41,048","39,781","-1,579","-1.73180","1,267","3.18494","87.89162","89.33","1,003.0"
"2025000000","","2025年","43104","","熊本市南区","","130,829","52,872","49,967","914","0.69862","2,905","5.81384","89.27232","110.13","1,196.2"
"2025000000","","2025年","43105","","熊本市北区","","139,833","57,713","56,821","-4,763","-3.40621","892","1.56984","90.46746","115.34","1,171.1"
"2025000000","","2025年","43202","","八代市","","123,067","49,933","49,204","-7,614","-6.18687","729","1.48159","86.37985","681.30","169.5"
"2025000000","","2025年","43203","","人吉市","","31,108","13,095","13,288","-2,305","-7.40967","-193","-1.45244","87.37315","210.55","136.8"
"2025000000","","2025年","43204","","荒尾市","","50,832","20,278","20,783","-3,485","-6.85592","-505","-2.42987","88.60341","57.37","825.3"
"2025000000","","2025年","43205","","水俣市","","23,557","9,422","10,123","-2,751","-11.67806","-701","-6.92482","86.30014","163.29","127.4"
"2025000000","","2025年","43206","","玉名市","","64,292","25,315","25,278","-3,730","-5.80165","37","0.14637","91.02321","152.33","397.6"
"2025000000","","2025年","43208","","山鹿市","","49,025","19,035","19,085","-3,464","-7.06578","-50","-0.26199","89.13612","299.69","152.0"
"2025000000","","2025年","43210","","菊池市","","46,416","18,618","17,593","-1,652","-3.55912","1,025","5.82618","91.26645","276.85","161.7"
"2025000000","","2025年","43211","","宇土市","","36,122","13,690","13,499","-1,596","-4.41836","191","1.41492","92.25972","74.30","464.7"
"2025000000","","2025年","43212","","上天草市","","24,563","9,312","10,034","-3,159","-12.86081","-722","-7.19554","89.70132","126.67","169.0"
"2025000000","","2025年","43213","","宇城市","","57,032","22,010","21,535","-2,476","-4.34142","475","2.20571","90.92882","188.55","289.3"
"2025000000","","2025年","43214","","阿蘇市","","24,930","9,890","9,987","-1,971","-7.90614","-97","-0.97126","88.88523","376.30","61.0"
"2025000000","","2025年","43215","","天草市","","75,783","30,350","31,873","-7,678","-10.13156","-1,523","-4.77834","89.40679","683.82","99.6"
"2025000000","","2025年","43216","","合志市","","61,772","24,207","22,283","2,572","4.16370","1,924","8.63438","93.72554","53.19","1,209.7"
"2025000000","","2025年","43348","","美里町","","9,392","3,222","3,439","-1,357","-14.44847","-217","-6.30997","89.19237","144.00","55.8"
"2025000000","","2025年","43364","","玉東町","","5,045","1,851","1,814","-183","-3.62735","37","2.03969","91.79487","24.33","199.8"
"2025000000","","2025年","43367","","南関町","","8,979","3,321","3,503","-934","-10.40205","-182","-5.19555","94.08926","69.18","116.3"
"2025000000","","2025年","43368","","長洲町","","15,372","6,462","6,434","-841","-5.47099","28","0.43519","103.14553","19.44","747.5"
"2025000000","","2025年","43369","","和水町","","9,342","3,379","3,416","-865","-9.25926","-37","-1.08314","91.09558","98.78","85.8"
"2025000000","","2025年","43403","","大津町","","35,187","16,529","14,165","1,754","4.98480","2,364","16.68902","103.36361","99.10","372.8"
"2025000000","","2025年","43404","","菊陽町","","43,337","19,530","17,794","1,211","2.79438","1,736","9.75610","98.18489","37.46","1,189.2"
"2025000000","","2025年","43423","","南小国町","","3,750","1,601","1,603","-306","-8.16000","-2","-0.12477","90.38143","115.90","29.7"
"2025000000","","2025年","43424","","小国町","","6,590","2,565","2,682","-710","-10.77390","-117","-4.36242","90.66148","136.94","42.9"
"2025000000","","2025年","43425","","産山村","","1,382","503","520","-187","-13.53111","-17","-3.26923","110.01757","60.81","19.7"
"2025000000","","2025年","43428","","高森町","","5,789","2,414","2,408","-422","-7.28969","6","0.24917","92.15897","175.06","30.7"
"2025000000","","2025年","43432","","西原村","","6,426","2,714","2,362","426","6.62932","352","14.90262","96.67049","77.22","88.7"
"2025000000","","2025年","43433","","南阿蘇村","","9,836","3,919","4,051","-664","-6.75071","-132","-3.25845","94.11640","137.32","66.8"
"2025000000","","2025年","43441","","御船町","","16,303","6,614","6,196","271","1.66227","418","6.74629","91.76212","99.03","167.4"
"2025000000","","2025年","43442","","嘉島町","","9,547","3,857","3,495","557","5.83429","362","10.35765","93.63741","16.65","606.8"
"2025000000","","2025年","43443","","益城町","","32,510","12,796","11,744","1,032","3.17441","1,052","8.95777","91.65762","65.68","510.7"
"2025000000","","2025年","43444","","甲佐町","","10,132","3,655","3,678","-682","-6.73115","-23","-0.62534","90.33233","57.93","163.1"
"2025000000","","2025年","43447","","山都町","","13,503","4,973","5,252","-1,833","-13.57476","-279","-5.31226","92.35207","544.67","21.4"
"2025000000","","2025年","43468","","氷川町","","11,094","3,834","3,932","-1,110","-10.00541","-98","-2.49237","84.47894","33.31","299.7"
"2025000000","","2025年","43482","","芦北町","","15,681","5,709","5,996","-1,801","-11.48524","-287","-4.78652","89.46219","234.01","59.3"
"2025000000","","2025年","43484","","津奈木町","","4,254","1,609","1,687","-427","-10.03761","-78","-4.62359","90.20875","34.08","112.3"
"2025000000","","2025年","43501","","錦町","","10,288","3,759","3,729","-671","-6.52216","30","0.80451","90.47336","85.04","113.1"
"2025000000","","2025年","43505","","多良木町","","9,076","3,177","3,463","-1,200","-13.22168","-286","-8.25874","87.65785","165.86","47.5"
"2025000000","","2025年","43506","","湯前町","","3,627","1,343","1,401","-373","-10.28398","-58","-4.13990","89.73761","48.37","67.3"
"2025000000","","2025年","43507","","水上村","","2,033","736","786","-251","-12.34629","-50","-6.36132","88.37209","190.96","9.3"
"2025000000","","2025年","43510","","相良村","","4,070","1,458","1,466","-296","-7.27273","-8","-0.54570","89.45783","94.54","39.9"
"2025000000","","2025年","43511","","五木村","","931","400","420","-121","-12.99678","-20","-4.76190","100.49505","252.92","3.2"
"2025000000","","2025年","43512","","山江村","","3,238","1,117","1,131","-316","-9.75911","-14","-1.23784","86.47096","121.19","24.1"
"2025000000","","2025年","43513","","球磨村","","2,433","979","976","-167","-6.86395","3","0.30738","94.50644","207.58","10.9"
"2025000000","","2025年","43514","","あさぎり町","","14,676","5,129","5,357","-1,475","-10.05042","-228","-4.25611","87.35453","159.56","82.7"
"2025000000","","2025年","43531","","苓北町","","7,114","2,527","2,769","-950","-13.35395","-242","-8.73962","91.72628","67.58","91.2"
"2025000000","","2025年","44000","","大分県","","1,123,852","492,129","489,249","-46,977","-4.18000","2,880","0.58866","91.26491","6,340.62","169.8"
"2025000000","","2025年","44201","","大分市","","475,614","215,782","209,539","-5,442","-1.14421","6,243","2.97940","92.88554","502.39","935.9"
"2025000000","","2025年","44202","","別府市","","115,321","55,115","54,336","-3,054","-2.64826","779","1.43367","83.80923","125.34","895.7"
"2025000000","","2025年","44203","","中津市","","82,863","37,951","37,571","-2,694","-3.25115","380","1.01142","97.35365","491.38","163.2"
"2025000000","","2025年","44204","","日田市","","62,657","24,820","25,139","-4,714","-7.52350","-319","-1.26894","90.43910","666.03","87.0"
"2025000000","","2025年","44205","","佐伯市","","66,851","27,926","28,716","-6,159","-9.21303","-790","-2.75108","87.58152","903.14","67.2"
"2025000000","","2025年","44206","","臼杵市","","36,158","14,207","14,749","-3,429","-9.48338","-542","-3.67483","88.99925","291.26","112.4"
"2025000000","","2025年","44207","","津久見市","","16,100","6,515","6,995","-2,043","-12.68944","-480","-6.86204","89.67751","79.48","176.9"
"2025000000","","2025年","44208","","竹田市","","20,332","7,963","8,699","-2,636","-12.96478","-736","-8.46074","88.71707","477.53","37.1"
"2025000000","","2025年","44209","","豊後高田市","","22,112","9,292","9,584","-835","-3.77623","-292","-3.04674","90.80800","206.22","103.2"
"2025000000","","2025年","44210","","杵築市","","27,999","11,588","12,028","-2,718","-9.70749","-440","-3.65813","94.70887","280.08","90.3"
"2025000000","","2025年","44211","","宇佐市","","52,771","21,863","21,984","-3,731","-7.07017","-121","-0.55040","90.87654","438.99","111.7"
"2025000000","","2025年","44212","","豊後大野市","","33,695","13,073","13,780","-3,191","-9.47025","-707","-5.13062","88.79743","603.14","50.6"
"2025000000","","2025年","44213","","由布市","","32,772","13,783","13,175","-160","-0.48822","608","4.61480","91.32884","319.32","102.1"
"2025000000","","2025年","44214","","国東市","","26,232","11,415","11,913","-2,556","-9.74382","-498","-4.18031","93.54206","318.09","74.4"
"2025000000","","2025年","44322","","姫島村","","1,725","754","832","-222","-12.86957","-78","-9.37500","89.29471","6.99","215.0"
"2025000000","","2025年","44341","","日出町","","27,723","11,430","11,072","-769","-2.77387","358","3.23338","91.33953","73.26","367.9"
"2025000000","","2025年","44461","","九重町","","8,541","3,106","3,329","-1,078","-12.62147","-223","-6.69871","90.28557","271.37","27.5"
"2025000000","","2025年","44462","","玖珠町","","14,386","5,546","5,808","-1,546","-10.74656","-262","-4.51102","93.95770","286.60","44.8"
"2025000000","","2025年","45000","","宮崎県","","1,069,576","468,703","470,055","-50,672","-4.73758","-1,352","-0.28763","89.50994","7,734.16","131.7"
"2025000000","","2025年","45201","","宮崎市","","401,339","186,021","184,237","-11,540","-2.87537","1,784","0.96832","89.26232","643.57","605.7"
"2025000000","","2025年","45202","","都城市","","160,640","73,557","71,092","-300","-0.18675","2,465","3.46734","88.72633","653.36","245.4"
"2025000000","","2025年","45203","","延岡市","","118,394","50,351","51,566","-8,805","-7.43703","-1,215","-2.35620","90.31815","868.02","126.3"
"2025000000","","2025年","45204","","日南市","","50,848","20,851","22,071","-4,953","-9.74080","-1,220","-5.52762","89.10956","535.49","85.7"
"2025000000","","2025年","45205","","小林市","","43,670","18,558","19,162","-3,538","-8.10167","-604","-3.15207","87.65548","562.95","71.3"
"2025000000","","2025年","45206","","日向市","","59,629","25,150","25,111","-3,563","-5.97528","39","0.15531","90.28645","336.90","166.4"
"2025000000","","2025年","45207","","串間市","","16,822","6,756","7,225","-2,041","-12.13292","-469","-6.49135","88.26901","294.92","50.1"
"2025000000","","2025年","45208","","西都市","","28,610","11,593","11,783","-2,024","-7.07445","-190","-1.61249","88.70040","438.79","60.6"
"2025000000","","2025年","45209","","えびの市","","17,638","7,487","8,050","-2,031","-11.51491","-563","-6.99379","90.56166","282.93","55.2"
"2025000000","","2025年","45341","","三股町","","25,591","10,303","10,203","-613","-2.39537","100","0.98010","87.25542","110.02","227.0"
"2025000000","","2025年","45361","","高原町","","8,639","3,462","3,763","-936","-10.83459","-301","-7.99894","90.05675","85.39","90.2"
"2025000000","","2025年","45382","","国富町","","18,398","7,448","7,494","-851","-4.62550","-46","-0.61382","88.05058","130.63","134.3"
"2025000000","","2025年","45383","","綾町","","6,934","2,798","2,857","-443","-6.38881","-59","-2.06510","89.96195","95.19","68.2"
"2025000000","","2025年","45401","","高鍋町","","19,922","8,651","8,685","-1,242","-6.23431","-34","-0.39148","92.87558","43.80","426.5"
"2025000000","","2025年","45402","","新富町","","16,564","6,531","6,430","-772","-4.66071","101","1.57076","96.19829","61.48","256.9"
"2025000000","","2025年","45403","","西米良村","","1,000","457","502","-107","-10.70000","-45","-8.96414","102.49433","271.51","3.3"
"2025000000","","2025年","45404","","木城町","","4,895","1,784","1,886","-430","-8.78447","-102","-5.40827","85.19287","145.96","30.6"
"2025000000","","2025年","45405","","川南町","","15,194","5,956","6,036","-1,179","-7.75964","-80","-1.32538","89.62251","90.13","155.5"
"2025000000","","2025年","45406","","都農町","","9,906","3,929","3,960","-553","-5.58248","-31","-0.78283","89.79302","102.11","91.6"
"2025000000","","2025年","45421","","門川町","","17,379","6,747","6,874","-1,221","-7.02572","-127","-1.84754","89.13731","120.40","134.2"
"2025000000","","2025年","45429","","諸塚村","","1,486","599","628","-229","-15.41050","-29","-4.61783","101.44231","187.56","6.7"
"2025000000","","2025年","45430","","椎葉村","","2,503","980","1,057","-324","-12.94447","-77","-7.28477","105.95463","537.29","4.1"
"2025000000","","2025年","45431","","美郷町","","4,826","1,924","2,137","-735","-15.23000","-213","-9.96724","93.06277","448.84","9.1"
"2025000000","","2025年","45441","","高千穂町","","11,642","4,300","4,519","-1,267","-10.88301","-219","-4.84620","93.41909","237.54","43.7"
"2025000000","","2025年","45442","","日之影町","","3,635","1,354","1,493","-517","-14.22283","-139","-9.31011","92.70705","277.67","11.2"
"2025000000","","2025年","45443","","五ヶ瀬町","","3,472","1,156","1,234","-458","-13.19124","-78","-6.32091","96.47979","171.73","17.6"
"2025000000","","2025年","46000","","鹿児島県","","1,588,256","722,614","728,179","-75,287","-4.74023","-5,565","-0.76424","89.82895","9,186.04","164.7"
"2025000000","","2025年","46201","","鹿児島市","","593,128","284,593","279,644","-12,158","-2.04981","4,949","1.76975","87.19229","547.77","1,060.6"
"2025000000","","2025年","46203","","鹿屋市","","101,096","44,925","46,139","-5,023","-4.96854","-1,214","-2.63118","91.67448","448.15","214.4"
"2025000000","","2025年","46204","","枕崎市","","20,033","8,799","9,455","-2,085","-10.40783","-656","-6.93813","85.03093","74.75","240.1"
"2025000000","","2025年","46206","","阿久根市","","19,270","8,147","8,617","-1,981","-10.28023","-470","-5.45433","89.01279","134.28","128.8"
"2025000000","","2025年","46208","","出水市","","51,994","22,820","22,796","-2,488","-4.78517","24","0.10528","89.02635","329.98","150.0"
"2025000000","","2025年","46210","","指宿市","","39,011","17,014","17,790","-3,172","-8.13104","-776","-4.36200","87.26617","148.82","240.8"
"2025000000","","2025年","46213","","西之表市","","14,708","7,561","7,046","-522","-3.54909","515","7.30911","105.32639","205.57","69.0"
"2025000000","","2025年","46214","","垂水市","","13,819","6,153","6,560","-1,568","-11.34670","-407","-6.20427","87.86996","162.03","75.6"
"2025000000","","2025年","46215","","薩摩川内市","","92,403","40,732","40,995","-4,730","-5.11888","-263","-0.64154","94.92852","682.87","128.4"
"2025000000","","2025年","46216","","日置市","","47,153","19,284","19,415","-2,132","-4.52145","-131","-0.67474","89.22747","252.82","178.1"
"2025000000","","2025年","46217","","曽於市","","33,310","14,374","15,325","-3,449","-10.35425","-951","-6.20555","87.66340","390.14","76.5"
"2025000000","","2025年","46218","","霧島市","","123,135","56,533","55,586","-2,706","-2.19759","947","1.70367","93.39811","603.17","199.7"
"2025000000","","2025年","46219","","いちき串木野市","","27,490","11,493","11,974","-2,068","-7.52274","-481","-4.01704","89.19402","112.31","226.4"
"2025000000","","2025年","46220","","南さつま市","","32,887","13,802","14,444","-2,800","-8.51400","-642","-4.44475","87.75039","283.59","106.1"
"2025000000","","2025年","46221","","志布志市","","29,329","12,887","13,241","-2,207","-7.52498","-354","-2.67351","91.52602","290.21","93.5"
"2025000000","","2025年","46222","","奄美市","","41,390","19,088","19,648","-2,974","-7.18531","-560","-2.85016","91.58189","308.34","124.6"
"2025000000","","2025年","46223","","南九州市","","33,080","13,759","14,485","-3,179","-9.61004","-726","-5.01208","89.58280","357.93","83.5"
"2025000000","","2025年","46224","","伊佐市","","24,453","10,317","11,394","-3,056","-12.49744","-1,077","-9.45234","87.20035","392.56","54.5"
"2025000000","","2025年","46225","","姶良市","","76,348","34,326","32,850","571","0.74789","1,476","4.49315","87.95113","231.25","332.6"
"2025000000","","2025年","46303","","三島村","","405","200","218","-42","-10.37037","-18","-8.25688","103.93258","31.39","11.6"
"2025000000","","2025年","46304","","十島村","","740","372","426","-99","-13.37838","-54","-12.67606","128.11388","101.15","6.3"
"2025000000","","2025年","46392","","さつま町","","20,243","8,358","9,231","-2,663","-13.15516","-873","-9.45726","87.66012","303.90","57.8"
"2025000000","","2025年","46404","","長島町","","9,705","3,760","3,981","-1,057","-10.89129","-221","-5.55137","94.68708","116.19","74.4"
"2025000000","","2025年","46452","","湧水町","","9,119","3,907","4,102","-822","-9.01415","-195","-4.75378","96.23936","144.29","57.5"
"2025000000","","2025年","46468","","大崎町","","12,385","5,567","5,906","-1,197","-9.66492","-339","-5.73993","90.88893","100.64","111.2"
"2025000000","","2025年","46482","","東串良町","","6,237","2,682","2,772","-347","-5.56357","-90","-3.24675","89.81631","27.85","211.5"
"2025000000","","2025年","46490","","錦江町","","6,944","2,790","3,175","-1,191","-17.15150","-385","-12.12598","90.74934","163.19","35.3"
"2025000000","","2025年","46491","","南大隅町","","6,481","2,726","3,153","-1,129","-17.42015","-427","-13.54266","95.75713","213.59","25.1"
"2025000000","","2025年","46492","","肝付町","","14,227","5,866","6,393","-1,444","-10.14972","-527","-8.24339","96.66154","308.04","41.5"
"2025000000","","2025年","46501","","中種子町","","7,539","3,511","3,596","-696","-9.23199","-85","-2.36374","99.15600","136.94","50.0"
"2025000000","","2025年","46502","","南種子町","","5,445","2,556","2,673","-477","-8.76033","-117","-4.37710","102.94118","109.94","45.2"
"2025000000","","2025年","46505","","屋久島町","","11,858","5,558","5,847","-1,151","-9.70653","-289","-4.94271","97.76505","540.45","19.8"
"2025000000","","2025年","46523","","大和村","","1,364","656","688","-74","-5.42522","-32","-4.65116","108.73786","88.26","14.6"
"2025000000","","2025年","46524","","宇検村","","1,621","800","805","-71","-4.38001","-5","-0.62112","98.97304","103.07","15.0"
"2025000000","","2025年","46525","","瀬戸内町","","8,546","3,984","4,270","-894","-10.46103","-286","-6.69789","99.79112","239.65","31.9"
"2025000000","","2025年","46527","","龍郷町","","5,817","2,607","2,561","-134","-2.30359","46","1.79617","91.15372","81.82","69.5"
"2025000000","","2025年","46529","","喜界町","","6,629","3,088","3,258","-632","-9.53387","-170","-5.21793","96.04446","56.82","105.5"
"2025000000","","2025年","46530","","徳之島町","","10,147","4,554","4,714","-859","-8.46556","-160","-3.39415","95.24911","104.92","88.5"
"2025000000","","2025年","46531","","天城町","","5,517","2,432","2,521","-318","-5.76400","-89","-3.53035","102.21704","80.40","64.7"
"2025000000","","2025年","46532","","伊仙町","","6,139","2,575","2,783","-732","-11.92377","-208","-7.47395","98.27649","62.71","86.2"
"2025000000","","2025年","46533","","和泊町","","6,246","2,787","2,883","-611","-9.78226","-96","-3.32986","99.25743","40.39","139.5"
"2025000000","","2025年","46534","","知名町","","5,750","2,494","2,659","-630","-10.95652","-165","-6.20534","100.86308","53.30","96.1"
"2025000000","","2025年","46535","","与論町","","5,115","2,177","2,160","-290","-5.66960","17","0.78704","94.87076","20.58","234.5"
"2025000000","","2025年","47000","","沖縄県","","1,467,480","651,964","614,708","740","0.05043","37,256","6.06076","96.87224","2,282.11","643.4"
"2025000000","","2025年","47201","","那覇市","","317,625","151,259","144,355","-6,552","-2.06281","6,904","4.78265","93.77994","41.46","7,503.0"
"2025000000","","2025年","47205","","宜野湾市","","100,125","46,720","44,163","33","0.03296","2,557","5.78991","95.05346","19.80","5,058.5"
"2025000000","","2025年","47207","","石垣市","","47,637","23,734","22,033","98","0.20572","1,701","7.72024","102.48144","229.15","208.3"
"2025000000","","2025年","47208","","浦添市","","115,690","49,152","47,331","26","0.02247","1,821","3.84737","93.32398","19.44","5,952.5"
"2025000000","","2025年","47209","","名護市","","63,554","31,441","28,453","2,530","3.98087","2,988","10.50153","99.12616","210.80","313.5"
"2025000000","","2025年","47210","","糸満市","","61,007","24,389","23,272","-343","-0.56223","1,117","4.79976","101.83657","46.60","1,301.8"
"2025000000","","2025年","47211","","沖縄市","","142,752","63,504","60,570","-858","-0.60104","2,934","4.84398","94.73012","49.72","2,853.9"
"2025000000","","2025年","47212","","豊見城市","","64,612","26,087","24,580","1,057","1.63592","1,507","6.13100","94.24101","19.33","3,397.3"
"2025000000","","2025年","47213","","うるま市","","125,303","53,987","48,163","3,134","2.50114","5,824","12.09227","100.80204","87.03","1,475.8"
"2025000000","","2025年","47214","","宮古島市","","52,931","25,737","24,235","-919","-1.73622","1,502","6.19765","100.89610","203.90","255.1"
"2025000000","","2025年","47215","","南城市","","44,043","17,097","15,895","1,307","2.96755","1,202","7.56213","100.59271","49.94","908.1"
"2025000000","","2025年","47301","","国頭村","","4,517","2,010","1,976","-386","-8.54549","34","1.72065","108.21573","194.85","21.2"
"2025000000","","2025年","47302","","大宜味村","","3,092","1,284","1,308","-250","-8.08538","-24","-1.83486","112.40658","63.63","44.7"
"2025000000","","2025年","47303","","東村","","1,598","695","725","-86","-5.38173","-30","-4.13793","124.33234","81.75","18.5"
"2025000000","","2025年","47306","","今帰仁村","","8,894","3,631","3,541","-133","-1.49539","90","2.54165","102.00599","39.94","219.4"
"2025000000","","2025年","47308","","本部町","","12,530","5,303","5,351","-705","-5.62650","-48","-0.89703","102.86499","54.37","217.5"
"2025000000","","2025年","47311","","恩納村","","10,869","5,911","4,735","346","3.18337","1,176","24.83633","105.29013","50.81","220.7"
"2025000000","","2025年","47313","","宜野座村","","5,833","2,518","2,239","486","8.33190","279","12.46092","100.60317","31.31","201.8"
"2025000000","","2025年","47314","","金武町","","10,806","4,967","4,657","346","3.20192","310","6.65665","100.75608","37.93","294.0"
"2025000000","","2025年","47315","","伊江村","","4,118","1,813","1,900","-391","-9.49490","-87","-4.57895","105.57088","22.70","164.2"
"2025000000","","2025年","47324","","読谷村","","41,206","16,577","15,672","326","0.79115","905","5.77463","95.45390","35.28","1,177.2"
"2025000000","","2025年","47325","","嘉手納町","","13,521","5,267","5,220","-292","-2.15960","47","0.90038","93.74634","15.12","874.9"
"2025000000","","2025年","47326","","北谷町","","28,201","12,403","11,697","235","0.83330","706","6.03574","89.29570","13.91","2,044.3"
"2025000000","","2025年","47327","","北中城村","","17,969","7,076","6,558","83","0.46191","518","7.89875","92.28803","11.54","1,564.3"
"2025000000","","2025年","47328","","中城村","","22,157","9,451","8,851","753","3.39847","600","6.77890","98.42370","15.53","1,475.2"
"2025000000","","2025年","47329","","西原町","","34,984","14,331","13,610","296","0.84610","721","5.29758","101.86531","15.90","2,218.9"
"2025000000","","2025年","47348","","与那原町","","19,695","7,985","7,949","-428","-2.17314","36","0.45289","94.06728","5.18","3,719.5"
"2025000000","","2025年","47350","","南風原町","","40,440","15,874","14,679","1,073","2.65331","1,195","8.14088","95.06155","10.76","3,858.1"
"2025000000","","2025年","47353","","渡嘉敷村","","718","383","389","-97","-13.50975","-6","-1.54242","125.81818","19.23","32.3"
"2025000000","","2025年","47354","","座間味村","","892","477","501","-62","-6.95067","-24","-4.79042","115.58442","16.74","49.6"
"2025000000","","2025年","47355","","粟国村","","683","364","378","-71","-10.39531","-14","-3.70370","133.58779","7.65","80.0"
"2025000000","","2025年","47356","","渡名喜村","","346","150","224","-112","-32.36994","-74","-33.03571","146.31579","3.87","60.5"
"2025000000","","2025年","47357","","南大東村","","1,285","676","680","-113","-8.79377","-4","-0.58824","142.14876","30.52","38.4"
"2025000000","","2025年","47358","","北大東村","","590","345","326","-30","-5.08475","19","5.82822","169.23077","13.07","42.8"
"2025000000","","2025年","47359","","伊平屋村","","1,126","505","518","-76","-6.74956","-13","-2.50965","119.66527","21.84","48.1"
"2025000000","","2025年","47360","","伊是名村","","1,322","626","637","-192","-14.52345","-11","-1.72684","130.14257","15.43","73.2"
"2025000000","","2025年","47361","","久米島町","","7,192","3,134","3,338","-775","-10.77586","-204","-6.11144","116.79054","63.65","100.8"
"2025000000","","2025年","47362","","八重瀬町","","30,941","11,550","10,680","1,747","5.64623","870","8.14607","96.53680","26.96","1,212.5"
"2025000000","","2025年","47375","","多良間村","","1,058","479","466","-120","-11.34216","13","2.78970","125.48077","22.00","42.6"
"2025000000","","2025年","47381","","竹富町","","3,942","2,317","2,093","21","0.53272","224","10.70234","107.70440","334.40","11.9"
"2025000000","","2025年","47382","","与那国町","","1,676","755","760","-166","-9.90453","-5","-0.65789","140.06359","28.90","52.2"
